{"tables":[{"name":"users","min_role_read":1,"min_role_write":1,"versioned":false,"fields":[{"name":"email","label":"Email","is_unique":true,"calculated":false,"stored":false,"expression":null,"type":"String","attributes":{},"required":true}],"triggers":[],"constraints":[],"ownership_field_name":null},{"name":"comment","min_role_read":10,"min_role_write":10,"versioned":false,"fields":[{"name":"author","label":"Author","is_unique":false,"calculated":false,"stored":false,"expression":null,"type":"Key","reftable_name":"users","attributes":{"summary_field":"email"},"required":true},{"name":"time","label":"time","is_unique":false,"calculated":false,"stored":false,"expression":null,"type":"Date","attributes":{},"required":true},{"name":"comment","label":"Comment","is_unique":false,"calculated":false,"stored":false,"expression":null,"type":"HTML","attributes":{},"required":true},{"name":"task","label":"task","is_unique":false,"calculated":false,"stored":false,"expression":null,"type":"Key","reftable_name":"todos","attributes":{"summary_field":"description"},"required":true}],"triggers":[],"constraints":[],"ownership_field_name":null},{"name":"notes","min_role_read":10,"min_role_write":10,"versioned":false,"fields":[{"name":"title","label":"Title","is_unique":false,"calculated":false,"stored":false,"expression":null,"type":"String","attributes":{"match":"","options":""},"required":true},{"name":"note","label":"Note","is_unique":false,"calculated":false,"stored":false,"expression":null,"type":"HTML","attributes":{},"required":true},{"name":"project","label":"Project","is_unique":false,"calculated":false,"stored":false,"expression":null,"type":"Key","reftable_name":"Projects","attributes":{"summary_field":"name"},"required":false}],"triggers":[],"constraints":[],"ownership_field_name":null},{"name":"Projects","min_role_read":10,"min_role_write":10,"versioned":false,"fields":[{"name":"name","label":"Name","is_unique":false,"calculated":false,"stored":false,"expression":null,"type":"String","attributes":{"match":"","options":""},"required":true}],"triggers":[],"constraints":[],"ownership_field_name":null},{"name":"todos","min_role_read":10,"min_role_write":10,"versioned":false,"fields":[{"name":"description","label":"description","is_unique":false,"calculated":false,"stored":false,"expression":null,"type":"String","attributes":{"match":"","options":""},"required":true},{"name":"done","label":"Done","is_unique":false,"calculated":false,"stored":false,"expression":null,"type":"Bool","attributes":{},"required":true},{"name":"project","label":"Project","is_unique":false,"calculated":false,"stored":false,"expression":null,"type":"Key","reftable_name":"Projects","attributes":{"summary_field":"name"},"required":false},{"name":"user","label":"User","is_unique":false,"calculated":false,"stored":false,"expression":null,"type":"Key","reftable_name":"users","attributes":{"summary_field":"email"},"required":false},{"name":"position","label":"position","is_unique":false,"calculated":false,"stored":false,"expression":null,"type":"Float","attributes":{"max":null,"min":null,"units":""},"required":false},{"name":"status","label":"Status","is_unique":false,"calculated":false,"stored":false,"expression":null,"type":"String","attributes":{"default":"Ideas","options":"Ideas,Backlog,Iteration, In progress, Review"},"required":true}],"triggers":[],"constraints":[],"ownership_field_name":null}],"views":[{"name":"notelist","viewtemplate":"List","configuration":{"columns":[{"stat":"Count","type":"Field","view":"Own:noteedit","fieldview":"as_text","field_name":"title","join_field":"project.name","view_label":"","action_name":"Delete","agg_relation":""},{"stat":"Count","type":"Field","view":"Own:noteedit","fieldview":"peek","field_name":"note","join_field":"project.name","view_label":"","action_name":"Delete","agg_relation":""},{"stat":"Count","type":"ViewLink","view":"Own:shownote","fieldview":"as_text","field_name":"title","join_field":"project.name","view_label":"Show","action_name":"Delete","agg_relation":""},{"stat":"Count","type":"ViewLink","view":"Own:noteedit","fieldview":"as_text","field_name":"title","join_field":"project.name","view_label":"Edit","action_name":"Delete","agg_relation":""}],"viewname":"notelist","view_to_create":"noteedit"},"min_role":8,"table":"notes","default_render_page":null},{"name":"projectlist","viewtemplate":"List","configuration":{"columns":[{"stat":"Count","type":"Field","view":"projectedit","agg_field":"description","fieldview":"as_text","field_name":"name","join_field":"","action_name":"Delete","state_field":"on","agg_relation":"notes.project"}],"viewname":"projectlist","view_to_create":"projectedit"},"min_role":8,"table":"Projects","default_render_page":null},{"name":"commentfeed","viewtemplate":"Feed","configuration":{"viewname":"commentfeed","direction":"Ascending","show_view":"showcomment","descending":true,"order_field":"time"},"min_role":8,"table":"comment","default_render_page":null},{"name":"commentlist","viewtemplate":"List","configuration":{"columns":[{"stat":"Count","type":"Field","view":"Own:editcomment","field_name":"author","join_field":"author.email","action_name":"Delete","agg_relation":""},{"stat":"Count","type":"Field","view":"Own:editcomment","fieldview":"relative","field_name":"time","join_field":"author.email","action_name":"Delete","agg_relation":""},{"stat":"Count","type":"Field","view":"Own:editcomment","fieldview":"showAll","field_name":"comment","join_field":"author.email","action_name":"Delete","agg_relation":""},{"stat":"Count","type":"Field","view":"Own:editcomment","field_name":"task","join_field":"author.email","action_name":"Delete","agg_relation":""},{"stat":"Count","type":"ViewLink","view":"Own:editcomment","field_name":"author","join_field":"author.email","action_name":"Delete","agg_relation":""}],"viewname":"commentlist","view_to_create":"editcomment"},"min_role":8,"table":"comment","default_render_page":null},{"name":"Projects","viewtemplate":"ListShowList","configuration":{"viewname":"Projects","list_view":"projectlist","show_view":"","subtables":{"ChildList:Todolist.todos.project":true,"ChildList:noteedit.notes.project":false,"ChildList:notelist.notes.project":true,"ChildList:todoedit.todos.project":false,"ChildList:todokanban.todos.project":false}},"min_role":10,"table":"Projects","menu_label":"Projects","default_render_page":null},{"name":"showcomment","viewtemplate":"Show","configuration":{"layout":{"above":[{"type":"field","block":false,"fieldview":"","textStyle":"small","field_name":"author"},{"type":"field","block":true,"fieldview":"relative","textStyle":"small","field_name":"time"},{"type":"field","block":true,"fieldview":"","textStyle":"","field_name":"comment"}]},"columns":[{"type":"Field","fieldview":"","field_name":"author"},{"type":"Field","fieldview":"relative","field_name":"time"},{"type":"Field","fieldview":"","field_name":"comment"}],"viewname":"showcomment","label_style":"None"},"min_role":8,"table":"comment","default_render_page":null},{"name":"showtodo","viewtemplate":"Show","configuration":{"layout":{"above":[{"type":"field","block":false,"fieldview":"as_text","textStyle":"","field_name":"description"},{"type":"join_field","block":true,"textStyle":"small","join_field":"project.name"},{"type":"join_field","block":true,"textStyle":"small","join_field":"user.email"}]},"columns":[{"type":"Field","fieldview":"as_text","field_name":"description"},{"type":"JoinField","join_field":"project.name"},{"type":"JoinField","join_field":"user.email"}],"viewname":"showtodo","label_style":"None"},"min_role":8,"table":"todos","default_render_page":null},{"name":"projectedit","viewtemplate":"Edit","configuration":{"layout":{"above":[{"aligns":["left","left"],"widths":[3,9],"besides":[{"above":[null,{"type":"blank","block":false,"contents":"Project name","textStyle":""}]},{"above":[null,{"type":"field","block":false,"fieldview":"edit","textStyle":"","field_name":"name"}]}]},{"type":"line_break"},{"type":"action","block":false,"minRole":10,"action_name":"Save"}]},"columns":[{"type":"Field","fieldview":"edit","field_name":"name"},{"type":"Action","minRole":10,"action_name":"Save"}],"viewname":"projectedit","view_when_done":"Projects"},"min_role":10,"table":"Projects","default_render_page":null},{"name":"todoedit","viewtemplate":"Edit","configuration":{"fixed":{"position":null},"layout":{"above":[{"aligns":["left","left"],"widths":[2,10],"besides":[{"above":[null,{"type":"blank","block":false,"contents":"Description","textStyle":""}]},{"above":[null,{"type":"field","block":false,"fieldview":"edit","textStyle":"","field_name":"description"}]}]},{"type":"line_break"},{"aligns":["left","left"],"widths":[2,10],"besides":[null,{"above":[null,{"type":"field","block":false,"fieldview":"edit","textStyle":"","field_name":"done"},{"type":"blank","block":false,"contents":" Done","textStyle":""}]}]},{"type":"line_break"},{"aligns":["left","left"],"widths":[2,10],"besides":[{"above":[null,{"type":"blank","block":false,"contents":"User","textStyle":""}]},{"above":[null,{"type":"field","block":false,"fieldview":"edit","textStyle":"","field_name":"user"}]}]},{"type":"line_break"},{"aligns":["left","left"],"widths":[2,10],"besides":[{"above":[null,{"type":"blank","block":false,"contents":"Project","textStyle":""}]},{"above":[null,{"type":"field","block":false,"fieldview":"edit","textStyle":"","field_name":"project"}]}]},{"type":"line_break"},{"aligns":["left","left"],"widths":[2,10],"besides":[{"above":[null,{"type":"blank","block":false,"contents":"Status","textStyle":""}]},{"above":[null,{"type":"field","block":false,"fieldview":"edit","textStyle":"","field_name":"status"}]}]},{"type":"line_break"},{"type":"action","block":false,"minRole":10,"action_name":"Save"}]},"columns":[{"type":"Field","fieldview":"edit","field_name":"description"},{"type":"Field","fieldview":"edit","field_name":"done"},{"type":"Field","fieldview":"edit","field_name":"user"},{"type":"Field","fieldview":"edit","field_name":"project"},{"type":"Field","fieldview":"edit","field_name":"status"},{"type":"Action","minRole":10,"action_name":"Save"}],"viewname":"todoedit","view_when_done":"Todolist"},"min_role":10,"table":"todos","default_render_page":null},{"name":"ProjectChart","viewtemplate":"ProportionsVis","configuration":{"style":"Donut chart","title":"Project","height":300,"viewname":"ProjectChart","factor_field":"project","outcome_field":"Row count","label_position":"Inside"},"min_role":8,"table":"todos","default_render_page":null},{"name":"UserChart","viewtemplate":"ProportionsVis","configuration":{"style":"Donut chart","title":"Assigned user","height":300,"viewname":"UserChart","factor_field":"user","outcome_field":"Row count","label_position":"Inside"},"min_role":8,"table":"todos","default_render_page":null},{"name":"StatusChart","viewtemplate":"ProportionsVis","configuration":{"style":"Donut chart","title":"Status","height":300,"viewname":"StatusChart","factor_field":"status","outcome_field":"Row count","label_position":"Inside"},"min_role":10,"table":"todos","default_render_page":null},{"name":"todokanban","viewtemplate":"Kanban","configuration":{"viewname":"todokanban","show_view":"showtodo","expand_view":"todoedit","column_field":"status","column_order":["Ideas","In progress","Backlog","Iteration","Review"],"position_field":"position","reload_on_drag":true,"view_to_create":"todoedit"},"min_role":10,"table":"todos","default_render_page":null},{"name":"shownote","viewtemplate":"Show","configuration":{"layout":{"above":[{"type":"field","block":false,"fieldview":"as_text","textStyle":"h2","field_name":"title"},{"type":"join_field","block":true,"textStyle":"","join_field":"project.name"},{"type":"field","block":true,"fieldview":"showAll","textStyle":"","field_name":"note"},{"type":"view_link","view":"Own:noteedit","block":false,"minRole":10,"view_label":"Edit note"}]},"columns":[{"type":"Field","fieldview":"as_text","field_name":"title"},{"type":"JoinField","join_field":"project.name"},{"type":"Field","fieldview":"showAll","field_name":"note"},{"type":"ViewLink","view":"Own:noteedit","minRole":10}],"viewname":"shownote","label_style":"None"},"min_role":10,"table":"notes","default_render_page":null},{"name":"Todolist","viewtemplate":"List","configuration":{"columns":[{"stat":"Count","type":"Field","view":"Own:todoedit","agg_field":"author","fieldview":"as_text","field_name":"description","join_field":"project.name","action_name":"Delete","state_field":"on","agg_relation":"comment.task"},{"stat":"Count","type":"Field","view":"Own:todoedit","agg_field":"author","fieldview":"show","field_name":"done","join_field":"project.name","action_name":"Delete","state_field":"on","agg_relation":"comment.task"},{"stat":"Count","type":"ViewLink","view":"Own:todoedit","agg_field":"author","fieldview":"as_text","field_name":"description","join_field":"project.name","action_name":"Delete","state_field":"on","agg_relation":"comment.task"},{"stat":"Count","type":"Action","view":"Own:todoedit","agg_field":"author","fieldview":"as_text","field_name":"description","join_field":"project.name","action_name":"Toggle done","state_field":"on","agg_relation":"comment.task"},{"stat":"Count","type":"Aggregation","view":"Own:todoedit","agg_field":"comment","fieldview":"as_header","field_name":"description","join_field":"project.name","action_name":"Delete","state_field":"on","agg_relation":"comment.task"},{"stat":"Count","type":"ViewLink","view":"ChildList:commentfeed.comment.task","agg_field":"author","fieldview":"as_header","field_name":"description","join_field":"project.name","action_name":"Delete","state_field":"on","agg_relation":"comment.task"}],"viewname":"Todolist","default_state":{"done":false,"description":""},"view_to_create":"todoedit"},"min_role":10,"table":"todos","menu_label":"All tasks","default_render_page":null},{"name":"editcomment","viewtemplate":"Edit","configuration":{"fixed":{"time":null,"author":null,"preset_time":"Now","preset_author":"LoggedIn"},"layout":{"above":[{"aligns":["left","left"],"widths":[2,10],"besides":[{"above":[null,{"type":"blank","block":false,"contents":"Comment","textStyle":""}]},{"above":[null,{"type":"field","block":false,"fieldview":"Summernote","textStyle":"","field_name":"comment"}]}]},{"type":"line_break"},{"aligns":["left","left"],"widths":[2,10],"besides":[{"above":[null,{"type":"blank","block":false,"contents":"Task","textStyle":""}]},{"above":[null,{"type":"field","block":false,"fieldview":"","textStyle":"","field_name":"task"}]}]},{"type":"line_break"},{"type":"action","block":false,"minRole":10,"action_name":"Save"}]},"columns":[{"type":"Field","fieldview":"Summernote","field_name":"comment"},{"type":"Field","fieldview":"","field_name":"task"},{"type":"Action","minRole":10,"action_name":"Save"}],"viewname":"editcomment","view_when_done":"commentlist"},"min_role":8,"table":"comment","default_render_page":null},{"name":"noteedit","viewtemplate":"Edit","configuration":{"fixed":{"ps":""},"layout":{"above":[{"aligns":["left","left"],"widths":[2,10],"besides":[{"above":[null,{"type":"blank","block":false,"contents":"Title","textStyle":""}]},{"above":[null,{"type":"field","block":false,"fieldview":"edit","textStyle":"","field_name":"title"}]}]},{"type":"line_break"},{"aligns":["left","left"],"widths":[2,10],"besides":[{"above":[null,{"type":"blank","block":false,"contents":"Project","textStyle":""}]},{"above":[null,{"type":"field","block":false,"fieldview":"edit","textStyle":"","field_name":"project"}]}]},{"type":"line_break"},{"aligns":["left","left"],"widths":[2,10],"besides":[{"above":[null,{"type":"blank","block":false,"contents":"Note","textStyle":""}]},{"above":[null,{"type":"field","block":false,"fieldview":"Summernote","textStyle":"","field_name":"note"}]}]},{"type":"line_break"},{"type":"action","block":false,"minRole":10,"action_name":"Save"}]},"columns":[{"type":"Field","fieldview":"edit","field_name":"title"},{"type":"Field","fieldview":"edit","field_name":"project"},{"type":"Field","fieldview":"Summernote","field_name":"note"},{"type":"Action","minRole":10,"action_name":"Save"}],"viewname":"noteedit","view_when_done":"shownote"},"min_role":10,"table":"notes","default_render_page":null}],"plugins":[{"name":"base","source":"npm","location":"@saltcorn/base-plugin","configuration":null},{"name":"sbadmin2","source":"npm","location":"@saltcorn/sbadmin2","configuration":null},{"name":"markdown","source":"npm","location":"@saltcorn/markdown","configuration":null},{"name":"kanban","source":"npm","location":"@saltcorn/kanban","configuration":null},{"name":"visualize","source":"npm","location":"@saltcorn/visualize","configuration":null},{"name":"html","source":"npm","location":"@saltcorn/html","configuration":null},{"name":"summernote","source":"npm","location":"@saltcorn/summernote","configuration":null}],"pages":[{"name":"dashboard","title":"Dashboard","description":"","min_role":10,"layout":{"above":[{"aligns":["left","left"],"widths":[4,4,4],"besides":[{"above":[null,{"name":"a7589d","type":"view","view":"StatusChart","state":"shared"}]},{"above":[null,{"name":"a7589d","type":"view","view":"ProjectChart","state":"shared"}]},{"name":"a7589d","type":"view","view":"UserChart","state":"shared"}]},{"name":"90ade1","type":"view","view":"todokanban","state":"shared"}]},"fixed_states":{},"menu_label":"Projects","root_page_for_roles":[]},{"name":"projects","title":"Projects","description":"Project management","min_role":10,"layout":{"name":"df5919","type":"view","view":"Projects","state":"shared"},"fixed_states":{},"root_page_for_roles":["admin","staff","user","public"]}]}