[{"id":1,"email":"admin@example.com","password":"$2a$10$.n35KoLs1PltftQa5j.gvOSkJNAp.l1Ns4lZ8.qMK20y0CiZeEERq","role_id":1,"reset_password_token":null,"reset_password_expiry":null,"language":null,"disabled":0,"api_token":"e89fb917-4c7f-41b2-a5fe-1e997131e766","_attributes":"{\"totp_key\":\"58bizh12qr\",\"notify_email\":false}","verification_token":null,"verified_on":null,"last_mobile_login":null},{"id":2,"email":"user@example.com","password":"$2a$10$ORgrAO.FCTiV3oraVUBMTugM4oNdgsqdtjjWGoKsR2zcfGFKzGDAW","role_id":40,"reset_password_token":null,"reset_password_expiry":null,"language":null,"disabled":0,"api_token":null,"_attributes":"{\"totp_key\":\"fwv70v6piy\"}","verification_token":null,"verified_on":null,"last_mobile_login":null}]