[{"id":1,"olj6":null,"r4ws9nmpshsdd":null,"_7s_pvghnp1c5okm":1,"xyhmtg1dtuo":5,"_1xm_p7lak3mslm":18,"_1lbhewrze_k314":1,"_33hz8wijt":3,"_5isj_":12,"pry":"Vl6UZJ","nx8rtozftbl":15},{"id":2,"olj6":null,"r4ws9nmpshsdd":null,"_7s_pvghnp1c5okm":1,"xyhmtg1dtuo":null,"_1xm_p7lak3mslm":0,"_1lbhewrze_k314":1,"_33hz8wijt":1,"_5isj_":12,"pry":"nFzSUL2krCz","nx8rtozftbl":20},{"id":3,"olj6":null,"r4ws9nmpshsdd":null,"_7s_pvghnp1c5okm":1,"xyhmtg1dtuo":20,"_1xm_p7lak3mslm":-26594,"_1lbhewrze_k314":1,"_33hz8wijt":8,"_5isj_":1,"pry":"EA","nx8rtozftbl":19},{"id":4,"olj6":null,"r4ws9nmpshsdd":18,"_7s_pvghnp1c5okm":1,"xyhmtg1dtuo":1,"_1xm_p7lak3mslm":-314885,"_1lbhewrze_k314":1,"_33hz8wijt":8,"_5isj_":12,"pry":"W9sHL8ZPurNswF","nx8rtozftbl":7},{"id":5,"olj6":2,"r4ws9nmpshsdd":4,"_7s_pvghnp1c5okm":1,"xyhmtg1dtuo":2,"_1xm_p7lak3mslm":-1,"_1lbhewrze_k314":2,"_33hz8wijt":2,"_5isj_":1,"pry":"vZ5RmftbWdHxrY","nx8rtozftbl":17},{"id":6,"olj6":null,"r4ws9nmpshsdd":19,"_7s_pvghnp1c5okm":1,"xyhmtg1dtuo":20,"_1xm_p7lak3mslm":1,"_1lbhewrze_k314":2,"_33hz8wijt":3,"_5isj_":12,"pry":"","nx8rtozftbl":13},{"id":9,"olj6":19,"r4ws9nmpshsdd":20,"_7s_pvghnp1c5okm":1,"xyhmtg1dtuo":3,"_1xm_p7lak3mslm":-31705945,"_1lbhewrze_k314":2,"_33hz8wijt":2,"_5isj_":1,"pry":"MTDPpnsy qmInv ","nx8rtozftbl":20},{"id":10,"olj6":3,"r4ws9nmpshsdd":null,"_7s_pvghnp1c5okm":1,"xyhmtg1dtuo":null,"_1xm_p7lak3mslm":-937968,"_1lbhewrze_k314":1,"_33hz8wijt":2,"_5isj_":8,"pry":"qUV7u","nx8rtozftbl":14},{"id":11,"olj6":null,"r4ws9nmpshsdd":16,"_7s_pvghnp1c5okm":1,"xyhmtg1dtuo":5,"_1xm_p7lak3mslm":2845,"_1lbhewrze_k314":2,"_33hz8wijt":1,"_5isj_":1,"pry":"3P76zf6Ce2kXNt","nx8rtozftbl":18},{"id":12,"olj6":19,"r4ws9nmpshsdd":21,"_7s_pvghnp1c5okm":1,"xyhmtg1dtuo":null,"_1xm_p7lak3mslm":0,"_1lbhewrze_k314":2,"_33hz8wijt":8,"_5isj_":12,"pry":"4PNwZMAWTIV14N","nx8rtozftbl":18},{"id":13,"olj6":null,"r4ws9nmpshsdd":null,"_7s_pvghnp1c5okm":1,"xyhmtg1dtuo":2,"_1xm_p7lak3mslm":0,"_1lbhewrze_k314":1,"_33hz8wijt":19,"_5isj_":12,"pry":"h","nx8rtozftbl":9},{"id":14,"olj6":8,"r4ws9nmpshsdd":null,"_7s_pvghnp1c5okm":1,"xyhmtg1dtuo":20,"_1xm_p7lak3mslm":0,"_1lbhewrze_k314":2,"_33hz8wijt":8,"_5isj_":8,"pry":"vdD1","nx8rtozftbl":6},{"id":15,"olj6":2,"r4ws9nmpshsdd":5,"_7s_pvghnp1c5okm":1,"xyhmtg1dtuo":null,"_1xm_p7lak3mslm":1,"_1lbhewrze_k314":1,"_33hz8wijt":3,"_5isj_":1,"pry":"kqjggYo nH xS","nx8rtozftbl":9},{"id":16,"olj6":8,"r4ws9nmpshsdd":null,"_7s_pvghnp1c5okm":1,"xyhmtg1dtuo":null,"_1xm_p7lak3mslm":0,"_1lbhewrze_k314":1,"_33hz8wijt":2,"_5isj_":8,"pry":"BGvM3fzI","nx8rtozftbl":19},{"id":17,"olj6":null,"r4ws9nmpshsdd":null,"_7s_pvghnp1c5okm":1,"xyhmtg1dtuo":null,"_1xm_p7lak3mslm":3022233,"_1lbhewrze_k314":2,"_33hz8wijt":19,"_5isj_":8,"pry":"sY9P1WMjU","nx8rtozftbl":19},{"id":18,"olj6":null,"r4ws9nmpshsdd":20,"_7s_pvghnp1c5okm":1,"xyhmtg1dtuo":null,"_1xm_p7lak3mslm":-1503,"_1lbhewrze_k314":1,"_33hz8wijt":19,"_5isj_":8,"pry":"CKN17cdtB6","nx8rtozftbl":13},{"id":19,"olj6":null,"r4ws9nmpshsdd":15,"_7s_pvghnp1c5okm":1,"xyhmtg1dtuo":2,"_1xm_p7lak3mslm":-64035,"_1lbhewrze_k314":2,"_33hz8wijt":2,"_5isj_":12,"pry":"Ik9hROrD9","nx8rtozftbl":11},{"id":20,"olj6":3,"r4ws9nmpshsdd":6,"_7s_pvghnp1c5okm":1,"xyhmtg1dtuo":null,"_1xm_p7lak3mslm":0,"_1lbhewrze_k314":1,"_33hz8wijt":3,"_5isj_":8,"pry":"sEEFGw","nx8rtozftbl":15},{"id":8,"olj6":3,"r4ws9nmpshsdd":8,"_7s_pvghnp1c5okm":1,"xyhmtg1dtuo":null,"_1xm_p7lak3mslm":-27810,"_1lbhewrze_k314":1,"_33hz8wijt":2,"_5isj_":12,"pry":"xZa5","nx8rtozftbl":11},{"id":21,"olj6":null,"r4ws9nmpshsdd":18,"_7s_pvghnp1c5okm":1,"xyhmtg1dtuo":20,"_1xm_p7lak3mslm":30,"_1lbhewrze_k314":1,"_33hz8wijt":3,"_5isj_":12,"pry":"rybl","nx8rtozftbl":10}]