[{"id":1,"_5vlo_4bklqtp":8,"rlmjvye":6,"ymhadwv1ds8e":9070.609128798189,"rcgnpxezl":"ZXen6fi3Zrfh","xp6x":9,"azu_qlsypj":14,"mwtr_kzi2g2u":null,"nqb":null,"s187ve_yla6ai":null,"wu4f73ysn_c":7},{"id":2,"_5vlo_4bklqtp":1,"rlmjvye":3,"ymhadwv1ds8e":0.04994956465473678,"rcgnpxezl":"0HH4wh","xp6x":7,"azu_qlsypj":1,"mwtr_kzi2g2u":null,"nqb":null,"s187ve_yla6ai":12,"wu4f73ysn_c":7},{"id":4,"_5vlo_4bklqtp":10,"rlmjvye":18,"ymhadwv1ds8e":30.833699985311018,"rcgnpxezl":"Az ","xp6x":18,"azu_qlsypj":2,"mwtr_kzi2g2u":14,"nqb":13,"s187ve_yla6ai":null,"wu4f73ysn_c":7},{"id":5,"_5vlo_4bklqtp":11,"rlmjvye":4,"ymhadwv1ds8e":-112.85455820980968,"rcgnpxezl":"Y9jytmD zCAyMeB","xp6x":2,"azu_qlsypj":12,"mwtr_kzi2g2u":null,"nqb":12,"s187ve_yla6ai":null,"wu4f73ysn_c":7},{"id":8,"_5vlo_4bklqtp":8,"rlmjvye":18,"ymhadwv1ds8e":-96157594.5801213,"rcgnpxezl":"PWkeUXY39eu","xp6x":20,"azu_qlsypj":14,"mwtr_kzi2g2u":null,"nqb":null,"s187ve_yla6ai":null,"wu4f73ysn_c":7},{"id":10,"_5vlo_4bklqtp":15,"rlmjvye":9,"ymhadwv1ds8e":368.29701425149653,"rcgnpxezl":"omVvf6eZU","xp6x":12,"azu_qlsypj":18,"mwtr_kzi2g2u":null,"nqb":20,"s187ve_yla6ai":null,"wu4f73ysn_c":7},{"id":12,"_5vlo_4bklqtp":11,"rlmjvye":4,"ymhadwv1ds8e":2283294.694617091,"rcgnpxezl":"RvfOKqaAhZgo","xp6x":3,"azu_qlsypj":7,"mwtr_kzi2g2u":null,"nqb":null,"s187ve_yla6ai":10,"wu4f73ysn_c":7},{"id":14,"_5vlo_4bklqtp":5,"rlmjvye":15,"ymhadwv1ds8e":-576425.4191200465,"rcgnpxezl":"5T","xp6x":1,"azu_qlsypj":3,"mwtr_kzi2g2u":9,"nqb":12,"s187ve_yla6ai":8,"wu4f73ysn_c":7}]