[{"id":1,"aypspzsk2cxg":"Coz89SUd","ii7_u8cqvnwggg":21,"wnn3_so67q":15},{"id":2,"aypspzsk2cxg":"n xFLMMFQQI","ii7_u8cqvnwggg":null,"wnn3_so67q":6},{"id":3,"aypspzsk2cxg":"gq1n439JS","ii7_u8cqvnwggg":12,"wnn3_so67q":4},{"id":4,"aypspzsk2cxg":"","ii7_u8cqvnwggg":null,"wnn3_so67q":20},{"id":6,"aypspzsk2cxg":"tBygtUdtD","ii7_u8cqvnwggg":null,"wnn3_so67q":21},{"id":7,"aypspzsk2cxg":"LCxz","ii7_u8cqvnwggg":11,"wnn3_so67q":18},{"id":8,"aypspzsk2cxg":"Ec3P","ii7_u8cqvnwggg":14,"wnn3_so67q":8},{"id":13,"aypspzsk2cxg":"PWBxyimnSgxbq","ii7_u8cqvnwggg":16,"wnn3_so67q":16},{"id":17,"aypspzsk2cxg":"16OK6zBeNCq","ii7_u8cqvnwggg":19,"wnn3_so67q":14},{"id":19,"aypspzsk2cxg":"M","ii7_u8cqvnwggg":11,"wnn3_so67q":13},{"id":5,"aypspzsk2cxg":"Fb","ii7_u8cqvnwggg":null,"wnn3_so67q":9},{"id":21,"aypspzsk2cxg":"BW 4D ObPqlI c","ii7_u8cqvnwggg":4,"wnn3_so67q":17}]