[{"id":1,"_x4p":10,"ngv":20,"ubibr_l":null},{"id":2,"_x4p":13,"ngv":2,"ubibr_l":16937912},{"id":3,"_x4p":19,"ngv":2,"ubibr_l":null},{"id":5,"_x4p":12,"ngv":5,"ubibr_l":11307063},{"id":6,"_x4p":11,"ngv":2,"ubibr_l":25389258},{"id":7,"_x4p":15,"ngv":3,"ubibr_l":null},{"id":8,"_x4p":1,"ngv":3,"ubibr_l":27932493},{"id":10,"_x4p":4,"ngv":2,"ubibr_l":10781458},{"id":11,"_x4p":20,"ngv":5,"ubibr_l":null},{"id":12,"_x4p":18,"ngv":20,"ubibr_l":null},{"id":15,"_x4p":14,"ngv":20,"ubibr_l":6906398},{"id":13,"_x4p":2,"ngv":20,"ubibr_l":13834787},{"id":21,"_x4p":7,"ngv":3,"ubibr_l":null}]