[{"id":1,"fzcsem3nqlsv":false,"wbd":0,"nmmh":8,"mxkf":1,"vvnqwxbqo":null,"nnyvcwtlsetq":2},{"id":2,"fzcsem3nqlsv":false,"wbd":null,"nmmh":19,"mxkf":1,"vvnqwxbqo":2,"nnyvcwtlsetq":2},{"id":3,"fzcsem3nqlsv":false,"wbd":null,"nmmh":3,"mxkf":1,"vvnqwxbqo":2,"nnyvcwtlsetq":1},{"id":4,"fzcsem3nqlsv":true,"wbd":-2447,"nmmh":2,"mxkf":1,"vvnqwxbqo":1,"nnyvcwtlsetq":1},{"id":5,"fzcsem3nqlsv":true,"wbd":-1194,"nmmh":null,"mxkf":1,"vvnqwxbqo":1,"nnyvcwtlsetq":1},{"id":6,"fzcsem3nqlsv":false,"wbd":-89033,"nmmh":null,"mxkf":1,"vvnqwxbqo":null,"nnyvcwtlsetq":2},{"id":7,"fzcsem3nqlsv":true,"wbd":-460161,"nmmh":null,"mxkf":1,"vvnqwxbqo":null,"nnyvcwtlsetq":1},{"id":8,"fzcsem3nqlsv":false,"wbd":-505564,"nmmh":2,"mxkf":1,"vvnqwxbqo":null,"nnyvcwtlsetq":2},{"id":9,"fzcsem3nqlsv":true,"wbd":-2,"nmmh":null,"mxkf":1,"vvnqwxbqo":null,"nnyvcwtlsetq":1},{"id":10,"fzcsem3nqlsv":false,"wbd":null,"nmmh":19,"mxkf":1,"vvnqwxbqo":2,"nnyvcwtlsetq":1},{"id":11,"fzcsem3nqlsv":true,"wbd":null,"nmmh":8,"mxkf":1,"vvnqwxbqo":2,"nnyvcwtlsetq":2},{"id":12,"fzcsem3nqlsv":false,"wbd":-4718,"nmmh":8,"mxkf":1,"vvnqwxbqo":2,"nnyvcwtlsetq":1},{"id":13,"fzcsem3nqlsv":true,"wbd":null,"nmmh":2,"mxkf":1,"vvnqwxbqo":null,"nnyvcwtlsetq":2},{"id":14,"fzcsem3nqlsv":false,"wbd":-245489,"nmmh":null,"mxkf":1,"vvnqwxbqo":2,"nnyvcwtlsetq":2},{"id":16,"fzcsem3nqlsv":true,"wbd":null,"nmmh":null,"mxkf":1,"vvnqwxbqo":null,"nnyvcwtlsetq":1},{"id":17,"fzcsem3nqlsv":false,"wbd":null,"nmmh":null,"mxkf":1,"vvnqwxbqo":null,"nnyvcwtlsetq":2},{"id":18,"fzcsem3nqlsv":false,"wbd":null,"nmmh":19,"mxkf":1,"vvnqwxbqo":null,"nnyvcwtlsetq":1},{"id":19,"fzcsem3nqlsv":true,"wbd":null,"nmmh":2,"mxkf":1,"vvnqwxbqo":null,"nnyvcwtlsetq":1},{"id":20,"fzcsem3nqlsv":true,"wbd":-209,"nmmh":3,"mxkf":1,"vvnqwxbqo":null,"nnyvcwtlsetq":2},{"id":15,"fzcsem3nqlsv":true,"wbd":-8950,"nmmh":2,"mxkf":1,"vvnqwxbqo":null,"nnyvcwtlsetq":1},{"id":21,"fzcsem3nqlsv":false,"wbd":-453,"nmmh":1,"mxkf":1,"vvnqwxbqo":2,"nnyvcwtlsetq":2}]