[{"id":1,"kpf":null,"_4qib":1,"_4fvcd":null,"zlgzbrwyofukw":null,"ovznoaj":4,"oriuhioaf":21,"hy_xpos3ud4ze":7},{"id":3,"kpf":"2020-03-26T07:28:24.413Z","_4qib":8,"_4fvcd":null,"zlgzbrwyofukw":null,"ovznoaj":11,"oriuhioaf":20,"hy_xpos3ud4ze":17},{"id":5,"kpf":"2020-03-21T20:28:24.420Z","_4qib":3,"_4fvcd":18,"zlgzbrwyofukw":null,"ovznoaj":null,"oriuhioaf":3,"hy_xpos3ud4ze":15},{"id":20,"kpf":null,"_4qib":2,"_4fvcd":12,"zlgzbrwyofukw":14,"ovznoaj":null,"oriuhioaf":3,"hy_xpos3ud4ze":null},{"id":2,"kpf":"2020-02-06T19:28:24.525Z","_4qib":19,"_4fvcd":null,"zlgzbrwyofukw":null,"ovznoaj":19,"oriuhioaf":4,"hy_xpos3ud4ze":null}]