[{"id":2,"nuc6y":null,"mpoyapdwpb6zoc":2,"qmqctofyvzr_":15,"gibadzjrietenr":"2020-01-07T23:28:26.166Z","fxernxr_":true,"_464":21,"_0klr46nzl":1,"plrm":1,"nx0":1},{"id":3,"nuc6y":10,"mpoyapdwpb6zoc":1,"qmqctofyvzr_":12,"gibadzjrietenr":"2019-11-01T19:28:26.171Z","fxernxr_":true,"_464":17,"_0klr46nzl":20,"plrm":3,"nx0":2},{"id":4,"nuc6y":null,"mpoyapdwpb6zoc":7,"qmqctofyvzr_":12,"gibadzjrietenr":"2019-10-17T13:28:26.176Z","fxernxr_":true,"_464":2,"_0klr46nzl":2,"plrm":null,"nx0":6},{"id":7,"nuc6y":null,"mpoyapdwpb6zoc":18,"qmqctofyvzr_":11,"gibadzjrietenr":"2020-12-25T20:28:26.192Z","fxernxr_":true,"_464":16,"_0klr46nzl":3,"plrm":null,"nx0":18},{"id":1,"nuc6y":4,"mpoyapdwpb6zoc":6,"qmqctofyvzr_":2,"gibadzjrietenr":"2020-01-07T19:28:26.162Z","fxernxr_":true,"_464":3,"_0klr46nzl":5,"plrm":null,"nx0":2}]