[{"id":1,"ryy":null,"xkbtch10pweegg":null,"cwkhbcyqrxf19n":3,"ufic1ofidgfzy":false,"pt6_mku":1,"bdb7bptpnfhv":"2020-12-23T18:28:23.094Z","sav5bkc4f3chh":null,"lxhpxlqryl":null},{"id":2,"ryy":null,"xkbtch10pweegg":null,"cwkhbcyqrxf19n":1,"ufic1ofidgfzy":true,"pt6_mku":2,"bdb7bptpnfhv":"2021-07-22T09:28:23.099Z","sav5bkc4f3chh":null,"lxhpxlqryl":null},{"id":3,"ryy":14769973.508967198,"xkbtch10pweegg":null,"cwkhbcyqrxf19n":2,"ufic1ofidgfzy":true,"pt6_mku":null,"bdb7bptpnfhv":"2021-07-23T04:28:23.104Z","sav5bkc4f3chh":"W","lxhpxlqryl":"DREqwU"},{"id":4,"ryy":null,"xkbtch10pweegg":null,"cwkhbcyqrxf19n":3,"ufic1ofidgfzy":false,"pt6_mku":2,"bdb7bptpnfhv":"2021-02-12T21:28:23.109Z","sav5bkc4f3chh":"12mO20hfp","lxhpxlqryl":"063r453NvSbIpd"},{"id":5,"ryy":null,"xkbtch10pweegg":2,"cwkhbcyqrxf19n":null,"ufic1ofidgfzy":false,"pt6_mku":1,"bdb7bptpnfhv":"2021-06-06T15:28:23.113Z","sav5bkc4f3chh":null,"lxhpxlqryl":null},{"id":6,"ryy":14744803.41892079,"xkbtch10pweegg":1,"cwkhbcyqrxf19n":null,"ufic1ofidgfzy":true,"pt6_mku":null,"bdb7bptpnfhv":"2019-10-12T04:28:23.117Z","sav5bkc4f3chh":null,"lxhpxlqryl":"UdW"},{"id":7,"ryy":null,"xkbtch10pweegg":null,"cwkhbcyqrxf19n":null,"ufic1ofidgfzy":true,"pt6_mku":null,"bdb7bptpnfhv":"2021-09-14T09:28:23.120Z","sav5bkc4f3chh":null,"lxhpxlqryl":"RQaGN"},{"id":8,"ryy":null,"xkbtch10pweegg":null,"cwkhbcyqrxf19n":null,"ufic1ofidgfzy":false,"pt6_mku":null,"bdb7bptpnfhv":"2019-11-14T08:28:23.123Z","sav5bkc4f3chh":"h","lxhpxlqryl":"L"},{"id":9,"ryy":null,"xkbtch10pweegg":2,"cwkhbcyqrxf19n":1,"ufic1ofidgfzy":true,"pt6_mku":2,"bdb7bptpnfhv":"2020-08-31T10:28:23.127Z","sav5bkc4f3chh":null,"lxhpxlqryl":null},{"id":10,"ryy":11872490.340055192,"xkbtch10pweegg":null,"cwkhbcyqrxf19n":null,"ufic1ofidgfzy":false,"pt6_mku":null,"bdb7bptpnfhv":"2020-05-22T13:28:23.130Z","sav5bkc4f3chh":null,"lxhpxlqryl":null},{"id":11,"ryy":null,"xkbtch10pweegg":null,"cwkhbcyqrxf19n":2,"ufic1ofidgfzy":false,"pt6_mku":1,"bdb7bptpnfhv":"2019-11-01T23:28:23.134Z","sav5bkc4f3chh":"aXFvBbC76F JCo","lxhpxlqryl":"FlzMXaSF"},{"id":12,"ryy":null,"xkbtch10pweegg":1,"cwkhbcyqrxf19n":1,"ufic1ofidgfzy":true,"pt6_mku":1,"bdb7bptpnfhv":"2021-01-10T23:28:23.139Z","sav5bkc4f3chh":"qlTh","lxhpxlqryl":null},{"id":13,"ryy":14769976.191829912,"xkbtch10pweegg":null,"cwkhbcyqrxf19n":null,"ufic1ofidgfzy":true,"pt6_mku":null,"bdb7bptpnfhv":"2021-07-26T08:28:23.142Z","sav5bkc4f3chh":"6OWyflRZKs","lxhpxlqryl":null},{"id":15,"ryy":13931917.647978555,"xkbtch10pweegg":2,"cwkhbcyqrxf19n":null,"ufic1ofidgfzy":true,"pt6_mku":1,"bdb7bptpnfhv":"2020-10-06T15:28:23.149Z","sav5bkc4f3chh":"GVxag","lxhpxlqryl":null},{"id":16,"ryy":14769976.615051454,"xkbtch10pweegg":null,"cwkhbcyqrxf19n":1,"ufic1ofidgfzy":false,"pt6_mku":null,"bdb7bptpnfhv":"2019-10-01T09:28:23.153Z","sav5bkc4f3chh":null,"lxhpxlqryl":null},{"id":17,"ryy":14702542.13648007,"xkbtch10pweegg":null,"cwkhbcyqrxf19n":null,"ufic1ofidgfzy":true,"pt6_mku":null,"bdb7bptpnfhv":"2020-06-14T21:28:23.156Z","sav5bkc4f3chh":"UBS37FV0f9T","lxhpxlqryl":null},{"id":18,"ryy":null,"xkbtch10pweegg":null,"cwkhbcyqrxf19n":3,"ufic1ofidgfzy":true,"pt6_mku":2,"bdb7bptpnfhv":"2020-09-02T17:28:23.160Z","sav5bkc4f3chh":null,"lxhpxlqryl":" bLwJYWs"},{"id":19,"ryy":null,"xkbtch10pweegg":2,"cwkhbcyqrxf19n":3,"ufic1ofidgfzy":false,"pt6_mku":null,"bdb7bptpnfhv":"2020-10-02T18:28:23.163Z","sav5bkc4f3chh":"GFmwaB L","lxhpxlqryl":"kx1 uWT"},{"id":20,"ryy":14769976.345736785,"xkbtch10pweegg":null,"cwkhbcyqrxf19n":null,"ufic1ofidgfzy":true,"pt6_mku":null,"bdb7bptpnfhv":"2020-02-29T15:28:23.166Z","sav5bkc4f3chh":null,"lxhpxlqryl":"ze"},{"id":14,"ryy":14765200.280769363,"xkbtch10pweegg":null,"cwkhbcyqrxf19n":null,"ufic1ofidgfzy":false,"pt6_mku":null,"bdb7bptpnfhv":"2020-03-06T07:28:23.145Z","sav5bkc4f3chh":"oIwHVK","lxhpxlqryl":null},{"id":21,"ryy":null,"xkbtch10pweegg":1,"cwkhbcyqrxf19n":1,"ufic1ofidgfzy":false,"pt6_mku":1,"bdb7bptpnfhv":"2020-12-28T21:28:23.201Z","sav5bkc4f3chh":"Mo","lxhpxlqryl":"ITVNk"}]