[{"id":1,"_4kvoh8":15,"a0rdtpk5wu6":null,"affzvu39wa":9942647.987535896,"_3bkfdu6srkgl4":19,"oygbgsoss":17,"kjjxuxa2yo":17},{"id":2,"_4kvoh8":4,"a0rdtpk5wu6":15,"affzvu39wa":7954.575825649902,"_3bkfdu6srkgl4":17,"oygbgsoss":6,"kjjxuxa2yo":10},{"id":3,"_4kvoh8":6,"a0rdtpk5wu6":null,"affzvu39wa":0.47387175478531457,"_3bkfdu6srkgl4":14,"oygbgsoss":3,"kjjxuxa2yo":21},{"id":4,"_4kvoh8":16,"a0rdtpk5wu6":null,"affzvu39wa":-0.11644116537929616,"_3bkfdu6srkgl4":9,"oygbgsoss":null,"kjjxuxa2yo":9},{"id":5,"_4kvoh8":15,"a0rdtpk5wu6":3,"affzvu39wa":729696.8575424268,"_3bkfdu6srkgl4":4,"oygbgsoss":null,"kjjxuxa2yo":20},{"id":6,"_4kvoh8":16,"a0rdtpk5wu6":10,"affzvu39wa":1494.875839390906,"_3bkfdu6srkgl4":8,"oygbgsoss":null,"kjjxuxa2yo":14},{"id":7,"_4kvoh8":17,"a0rdtpk5wu6":1,"affzvu39wa":573558.8263543706,"_3bkfdu6srkgl4":6,"oygbgsoss":null,"kjjxuxa2yo":9},{"id":8,"_4kvoh8":20,"a0rdtpk5wu6":10,"affzvu39wa":-52887154.18106493,"_3bkfdu6srkgl4":13,"oygbgsoss":4,"kjjxuxa2yo":12},{"id":9,"_4kvoh8":14,"a0rdtpk5wu6":15,"affzvu39wa":-382474.7712398251,"_3bkfdu6srkgl4":8,"oygbgsoss":17,"kjjxuxa2yo":12},{"id":10,"_4kvoh8":18,"a0rdtpk5wu6":12,"affzvu39wa":0.02695433356028118,"_3bkfdu6srkgl4":15,"oygbgsoss":14,"kjjxuxa2yo":4},{"id":11,"_4kvoh8":12,"a0rdtpk5wu6":2,"affzvu39wa":-24595836.47089063,"_3bkfdu6srkgl4":10,"oygbgsoss":null,"kjjxuxa2yo":9},{"id":12,"_4kvoh8":19,"a0rdtpk5wu6":15,"affzvu39wa":727324.2236479982,"_3bkfdu6srkgl4":20,"oygbgsoss":null,"kjjxuxa2yo":2},{"id":13,"_4kvoh8":15,"a0rdtpk5wu6":null,"affzvu39wa":-0.0919326592731675,"_3bkfdu6srkgl4":15,"oygbgsoss":null,"kjjxuxa2yo":4},{"id":14,"_4kvoh8":1,"a0rdtpk5wu6":5,"affzvu39wa":3.769570909191189,"_3bkfdu6srkgl4":15,"oygbgsoss":null,"kjjxuxa2yo":5},{"id":15,"_4kvoh8":11,"a0rdtpk5wu6":null,"affzvu39wa":250292.27165404626,"_3bkfdu6srkgl4":21,"oygbgsoss":2,"kjjxuxa2yo":10},{"id":16,"_4kvoh8":21,"a0rdtpk5wu6":null,"affzvu39wa":0.020414181363115638,"_3bkfdu6srkgl4":2,"oygbgsoss":15,"kjjxuxa2yo":15},{"id":17,"_4kvoh8":4,"a0rdtpk5wu6":null,"affzvu39wa":1224.4362258998076,"_3bkfdu6srkgl4":20,"oygbgsoss":10,"kjjxuxa2yo":21},{"id":18,"_4kvoh8":4,"a0rdtpk5wu6":12,"affzvu39wa":135902.46697537403,"_3bkfdu6srkgl4":12,"oygbgsoss":null,"kjjxuxa2yo":13},{"id":19,"_4kvoh8":21,"a0rdtpk5wu6":null,"affzvu39wa":0.002910431128897068,"_3bkfdu6srkgl4":6,"oygbgsoss":null,"kjjxuxa2yo":12},{"id":20,"_4kvoh8":4,"a0rdtpk5wu6":null,"affzvu39wa":-3.3665571960542313,"_3bkfdu6srkgl4":3,"oygbgsoss":null,"kjjxuxa2yo":13},{"id":21,"_4kvoh8":15,"a0rdtpk5wu6":8,"affzvu39wa":-10354007.245542372,"_3bkfdu6srkgl4":8,"oygbgsoss":null,"kjjxuxa2yo":19}]