[{"id":1,"nwlxqi":21,"uhn3":1,"gru4wot":15,"_7hxeceb9xoqc6f":4},{"id":2,"nwlxqi":11,"uhn3":2,"gru4wot":1,"_7hxeceb9xoqc6f":null},{"id":5,"nwlxqi":null,"uhn3":null,"gru4wot":9,"_7hxeceb9xoqc6f":null},{"id":6,"nwlxqi":null,"uhn3":null,"gru4wot":6,"_7hxeceb9xoqc6f":null},{"id":7,"nwlxqi":null,"uhn3":3,"gru4wot":9,"_7hxeceb9xoqc6f":null},{"id":8,"nwlxqi":9,"uhn3":null,"gru4wot":5,"_7hxeceb9xoqc6f":null},{"id":10,"nwlxqi":9,"uhn3":null,"gru4wot":2,"_7hxeceb9xoqc6f":null},{"id":12,"nwlxqi":null,"uhn3":8,"gru4wot":18,"_7hxeceb9xoqc6f":19},{"id":13,"nwlxqi":null,"uhn3":19,"gru4wot":12,"_7hxeceb9xoqc6f":3},{"id":17,"nwlxqi":5,"uhn3":null,"gru4wot":18,"_7hxeceb9xoqc6f":1},{"id":18,"nwlxqi":null,"uhn3":null,"gru4wot":2,"_7hxeceb9xoqc6f":2},{"id":19,"nwlxqi":2,"uhn3":null,"gru4wot":6,"_7hxeceb9xoqc6f":10},{"id":20,"nwlxqi":12,"uhn3":null,"gru4wot":2,"_7hxeceb9xoqc6f":null},{"id":21,"nwlxqi":19,"uhn3":null,"gru4wot":15,"_7hxeceb9xoqc6f":19}]