[{"id":1,"let":2,"piuuy1p8":1,"cem":null},{"id":2,"let":1,"piuuy1p8":1,"cem":null},{"id":3,"let":5,"piuuy1p8":1,"cem":null},{"id":4,"let":null,"piuuy1p8":1,"cem":23.07949748040502},{"id":5,"let":3,"piuuy1p8":null,"cem":null},{"id":6,"let":null,"piuuy1p8":1,"cem":null},{"id":8,"let":null,"piuuy1p8":null,"cem":-58744165.67695071},{"id":9,"let":null,"piuuy1p8":null,"cem":-273.12259727534706},{"id":12,"let":20,"piuuy1p8":null,"cem":23.08298272457347},{"id":15,"let":null,"piuuy1p8":1,"cem":null},{"id":10,"let":null,"piuuy1p8":1,"cem":10.66629427280435},{"id":18,"let":null,"piuuy1p8":1,"cem":-551.2032562550778}]