[{"id":1,"omywk3jr":1,"tlvwhmhx":null,"abcdzyh":"HWVOZKeBox"},{"id":2,"omywk3jr":null,"tlvwhmhx":null,"abcdzyh":"S3la58EXBAH"},{"id":3,"omywk3jr":null,"tlvwhmhx":"i","abcdzyh":"C"},{"id":4,"omywk3jr":12,"tlvwhmhx":null,"abcdzyh":"lm6RnUb F"},{"id":5,"omywk3jr":null,"tlvwhmhx":"i","abcdzyh":"a5ch"},{"id":6,"omywk3jr":7,"tlvwhmhx":"i","abcdzyh":"Ags 3smfflG"},{"id":7,"omywk3jr":10,"tlvwhmhx":"i","abcdzyh":"0SpcGuL5DI5"},{"id":8,"omywk3jr":null,"tlvwhmhx":"i","abcdzyh":"UqDlRocI8XQ"},{"id":9,"omywk3jr":15,"tlvwhmhx":null,"abcdzyh":"yRCI1"},{"id":10,"omywk3jr":null,"tlvwhmhx":"i","abcdzyh":"P1AMJ9NNfS"},{"id":11,"omywk3jr":13,"tlvwhmhx":"i","abcdzyh":"i0Fkzh"},{"id":12,"omywk3jr":null,"tlvwhmhx":null,"abcdzyh":"3rXbfDEqkeq2FZ"},{"id":13,"omywk3jr":11,"tlvwhmhx":"i","abcdzyh":"uwLHIb"},{"id":15,"omywk3jr":null,"tlvwhmhx":null,"abcdzyh":"i4U YrfO2NmKOl"},{"id":16,"omywk3jr":null,"tlvwhmhx":"i","abcdzyh":"WhU"},{"id":17,"omywk3jr":null,"tlvwhmhx":null,"abcdzyh":"YPT"},{"id":18,"omywk3jr":null,"tlvwhmhx":null,"abcdzyh":"QueaAl"},{"id":19,"omywk3jr":2,"tlvwhmhx":null,"abcdzyh":"vM2j6W"},{"id":20,"omywk3jr":5,"tlvwhmhx":"i","abcdzyh":"qzwGmgTrcAz"},{"id":14,"omywk3jr":3,"tlvwhmhx":"i","abcdzyh":"77MQsWdX"},{"id":21,"omywk3jr":12,"tlvwhmhx":"i","abcdzyh":"qGMQ"}]