[{"id":1,"zmnjd":5,"mwtihvcb":null,"c_npvmmosmrv6vc":8,"wdp":2,"izrzwq_nhec42wq":1,"nf5b":1,"qzwe5vef2":null,"_9z9nl":15},{"id":2,"zmnjd":6,"mwtihvcb":null,"c_npvmmosmrv6vc":2,"wdp":1,"izrzwq_nhec42wq":1,"nf5b":2,"qzwe5vef2":2,"_9z9nl":13},{"id":3,"zmnjd":9,"mwtihvcb":1,"c_npvmmosmrv6vc":2,"wdp":2,"izrzwq_nhec42wq":1,"nf5b":null,"qzwe5vef2":1,"_9z9nl":1},{"id":7,"zmnjd":18,"mwtihvcb":null,"c_npvmmosmrv6vc":2,"wdp":2,"izrzwq_nhec42wq":1,"nf5b":null,"qzwe5vef2":null,"_9z9nl":null},{"id":9,"zmnjd":3,"mwtihvcb":2,"c_npvmmosmrv6vc":1,"wdp":2,"izrzwq_nhec42wq":1,"nf5b":null,"qzwe5vef2":2,"_9z9nl":null},{"id":12,"zmnjd":2,"mwtihvcb":null,"c_npvmmosmrv6vc":19,"wdp":2,"izrzwq_nhec42wq":1,"nf5b":null,"qzwe5vef2":2,"_9z9nl":null},{"id":14,"zmnjd":8,"mwtihvcb":null,"c_npvmmosmrv6vc":3,"wdp":2,"izrzwq_nhec42wq":1,"nf5b":null,"qzwe5vef2":2,"_9z9nl":6},{"id":18,"zmnjd":12,"mwtihvcb":null,"c_npvmmosmrv6vc":8,"wdp":2,"izrzwq_nhec42wq":1,"nf5b":null,"qzwe5vef2":null,"_9z9nl":null},{"id":20,"zmnjd":10,"mwtihvcb":null,"c_npvmmosmrv6vc":19,"wdp":1,"izrzwq_nhec42wq":1,"nf5b":null,"qzwe5vef2":null,"_9z9nl":null}]