[{"id":1,"_2q7":null,"sxdk7vdxjjovw0":"Y56kKngd 5FLY","_186m":"w","p8cqelxcfh":null,"cvq":1,"dyvjxcqbk":2},{"id":2,"_2q7":null,"sxdk7vdxjjovw0":"qF yX","_186m":"w","p8cqelxcfh":null,"cvq":null,"dyvjxcqbk":null},{"id":8,"_2q7":"e Re","sxdk7vdxjjovw0":"hlI2vvR 31Bh1","_186m":"w","p8cqelxcfh":1,"cvq":3,"dyvjxcqbk":null},{"id":19,"_2q7":null,"sxdk7vdxjjovw0":"d4Z","_186m":"w","p8cqelxcfh":1,"cvq":2,"dyvjxcqbk":null},{"id":3,"_2q7":"iK93","sxdk7vdxjjovw0":"91RMBd1JYGZtO","_186m":"w","p8cqelxcfh":1,"cvq":null,"dyvjxcqbk":1}]