[{"id":1,"kwufaufk":2,"kxet_":"o","sw7i":2,"mh3escsj":null,"afwyxqnkpqo":"z3tY","fztlq36656":9,"ilsj33lpcav12n":"6","_6c5zsq":"JEIyRa","obbkasol":2,"bbyfd2xwesj":12},{"id":2,"kwufaufk":3,"kxet_":"iPRr8w06PMM H","sw7i":2,"mh3escsj":2,"afwyxqnkpqo":"z3tY","fztlq36656":14,"ilsj33lpcav12n":"6","_6c5zsq":null,"obbkasol":3,"bbyfd2xwesj":null},{"id":6,"kwufaufk":1,"kxet_":"KzV4YBiI","sw7i":null,"mh3escsj":20,"afwyxqnkpqo":"z3tY","fztlq36656":2,"ilsj33lpcav12n":null,"_6c5zsq":null,"obbkasol":1,"bbyfd2xwesj":1},{"id":7,"kwufaufk":1,"kxet_":"6D9HwerQ0bNU","sw7i":2,"mh3escsj":1,"afwyxqnkpqo":"z3tY","fztlq36656":18,"ilsj33lpcav12n":"6","_6c5zsq":null,"obbkasol":3,"bbyfd2xwesj":21},{"id":18,"kwufaufk":2,"kxet_":"5FKrTWEbIY","sw7i":1,"mh3escsj":null,"afwyxqnkpqo":"z3tY","fztlq36656":12,"ilsj33lpcav12n":"6","_6c5zsq":null,"obbkasol":1,"bbyfd2xwesj":null},{"id":8,"kwufaufk":1,"kxet_":"LBy6oCCGLl","sw7i":null,"mh3escsj":5,"afwyxqnkpqo":"z3tY","fztlq36656":20,"ilsj33lpcav12n":"6","_6c5zsq":null,"obbkasol":1,"bbyfd2xwesj":null}]