[{"id":1,"_1ln3bwmc":6,"_8gembwfebpa0":null,"iz27dkiy":18,"_4gutjev":14,"jrkb341hvi":2,"e_vmftus1z":20,"a0ube_nn":1.3},{"id":2,"_1ln3bwmc":18,"_8gembwfebpa0":"0vTSd","iz27dkiy":1,"_4gutjev":null,"jrkb341hvi":8,"e_vmftus1z":9,"a0ube_nn":1.3},{"id":3,"_1ln3bwmc":11,"_8gembwfebpa0":"aqzM3N lHOJT","iz27dkiy":null,"_4gutjev":null,"jrkb341hvi":2,"e_vmftus1z":11,"a0ube_nn":1.3},{"id":4,"_1ln3bwmc":18,"_8gembwfebpa0":"ckl8rLCIOZlJO","iz27dkiy":7,"_4gutjev":null,"jrkb341hvi":8,"e_vmftus1z":17,"a0ube_nn":1.3},{"id":5,"_1ln3bwmc":8,"_8gembwfebpa0":"Pfqw5z R","iz27dkiy":6,"_4gutjev":null,"jrkb341hvi":3,"e_vmftus1z":16,"a0ube_nn":1.3},{"id":6,"_1ln3bwmc":10,"_8gembwfebpa0":"2TzNxO an","iz27dkiy":null,"_4gutjev":4,"jrkb341hvi":3,"e_vmftus1z":18,"a0ube_nn":1.3},{"id":7,"_1ln3bwmc":6,"_8gembwfebpa0":"66uuV2z 3P7R","iz27dkiy":null,"_4gutjev":7,"jrkb341hvi":8,"e_vmftus1z":3,"a0ube_nn":1.3},{"id":8,"_1ln3bwmc":5,"_8gembwfebpa0":null,"iz27dkiy":7,"_4gutjev":null,"jrkb341hvi":19,"e_vmftus1z":7,"a0ube_nn":1.3},{"id":9,"_1ln3bwmc":12,"_8gembwfebpa0":null,"iz27dkiy":18,"_4gutjev":20,"jrkb341hvi":2,"e_vmftus1z":9,"a0ube_nn":1.3},{"id":10,"_1ln3bwmc":20,"_8gembwfebpa0":" qjaC4y","iz27dkiy":null,"_4gutjev":null,"jrkb341hvi":2,"e_vmftus1z":16,"a0ube_nn":1.3},{"id":11,"_1ln3bwmc":7,"_8gembwfebpa0":null,"iz27dkiy":null,"_4gutjev":null,"jrkb341hvi":1,"e_vmftus1z":21,"a0ube_nn":1.3},{"id":12,"_1ln3bwmc":11,"_8gembwfebpa0":"314dykT4eF6","iz27dkiy":1,"_4gutjev":21,"jrkb341hvi":3,"e_vmftus1z":6,"a0ube_nn":1.3},{"id":13,"_1ln3bwmc":11,"_8gembwfebpa0":"Miwg","iz27dkiy":2,"_4gutjev":21,"jrkb341hvi":2,"e_vmftus1z":1,"a0ube_nn":1.3},{"id":14,"_1ln3bwmc":2,"_8gembwfebpa0":"ll8kWhSsHI3o","iz27dkiy":1,"_4gutjev":null,"jrkb341hvi":19,"e_vmftus1z":10,"a0ube_nn":1.3},{"id":15,"_1ln3bwmc":11,"_8gembwfebpa0":"oaxvSxyP","iz27dkiy":8,"_4gutjev":null,"jrkb341hvi":1,"e_vmftus1z":8,"a0ube_nn":1.3},{"id":16,"_1ln3bwmc":14,"_8gembwfebpa0":"dH2JTingef","iz27dkiy":null,"_4gutjev":17,"jrkb341hvi":8,"e_vmftus1z":4,"a0ube_nn":1.3},{"id":17,"_1ln3bwmc":17,"_8gembwfebpa0":"67WfwShYNUtHli","iz27dkiy":7,"_4gutjev":2,"jrkb341hvi":19,"e_vmftus1z":18,"a0ube_nn":1.3},{"id":18,"_1ln3bwmc":9,"_8gembwfebpa0":null,"iz27dkiy":null,"_4gutjev":9,"jrkb341hvi":3,"e_vmftus1z":5,"a0ube_nn":1.3},{"id":19,"_1ln3bwmc":12,"_8gembwfebpa0":"hkHwFaPn ","iz27dkiy":null,"_4gutjev":10,"jrkb341hvi":8,"e_vmftus1z":6,"a0ube_nn":1.3},{"id":20,"_1ln3bwmc":16,"_8gembwfebpa0":null,"iz27dkiy":null,"_4gutjev":4,"jrkb341hvi":1,"e_vmftus1z":14,"a0ube_nn":1.3},{"id":21,"_1ln3bwmc":18,"_8gembwfebpa0":"0Nr6XeZqsbyj","iz27dkiy":null,"_4gutjev":14,"jrkb341hvi":3,"e_vmftus1z":7,"a0ube_nn":1.3}]