[{"id":1,"o92c0hzzhyehfs":1.3,"uqqjmnkyvb":6,"lwboxkpwjh9ofb":1,"_8q1lwokohy_9je":null,"detvz":null},{"id":2,"o92c0hzzhyehfs":1.3,"uqqjmnkyvb":9,"lwboxkpwjh9ofb":19,"_8q1lwokohy_9je":null,"detvz":1},{"id":4,"o92c0hzzhyehfs":1.3,"uqqjmnkyvb":12,"lwboxkpwjh9ofb":2,"_8q1lwokohy_9je":null,"detvz":1},{"id":7,"o92c0hzzhyehfs":1.3,"uqqjmnkyvb":2,"lwboxkpwjh9ofb":2,"_8q1lwokohy_9je":8,"detvz":null},{"id":11,"o92c0hzzhyehfs":1.3,"uqqjmnkyvb":21,"lwboxkpwjh9ofb":19,"_8q1lwokohy_9je":3,"detvz":null},{"id":12,"o92c0hzzhyehfs":1.3,"uqqjmnkyvb":17,"lwboxkpwjh9ofb":19,"_8q1lwokohy_9je":null,"detvz":1},{"id":13,"o92c0hzzhyehfs":1.3,"uqqjmnkyvb":4,"lwboxkpwjh9ofb":3,"_8q1lwokohy_9je":7,"detvz":1},{"id":15,"o92c0hzzhyehfs":1.3,"uqqjmnkyvb":20,"lwboxkpwjh9ofb":2,"_8q1lwokohy_9je":11,"detvz":1},{"id":16,"o92c0hzzhyehfs":1.3,"uqqjmnkyvb":7,"lwboxkpwjh9ofb":19,"_8q1lwokohy_9je":16,"detvz":null},{"id":18,"o92c0hzzhyehfs":1.3,"uqqjmnkyvb":11,"lwboxkpwjh9ofb":2,"_8q1lwokohy_9je":4,"detvz":1},{"id":19,"o92c0hzzhyehfs":1.3,"uqqjmnkyvb":5,"lwboxkpwjh9ofb":19,"_8q1lwokohy_9je":17,"detvz":null},{"id":3,"o92c0hzzhyehfs":1.3,"uqqjmnkyvb":18,"lwboxkpwjh9ofb":19,"_8q1lwokohy_9je":null,"detvz":null}]