[{"id":1,"j7a":2,"psubqbq_jgk":16,"uub8t6l_8yz6duz":-2686,"n1n6":3,"b1r":null},{"id":2,"j7a":2,"psubqbq_jgk":1,"uub8t6l_8yz6duz":639,"n1n6":3,"b1r":"XB6cntDzhf6vZ"},{"id":3,"j7a":19,"psubqbq_jgk":10,"uub8t6l_8yz6duz":-5966,"n1n6":2,"b1r":"QRDnosqdEi"},{"id":4,"j7a":12,"psubqbq_jgk":15,"uub8t6l_8yz6duz":0,"n1n6":4,"b1r":"8oFQ0I1bLWFzEpu"},{"id":5,"j7a":13,"psubqbq_jgk":13,"uub8t6l_8yz6duz":23559,"n1n6":null,"b1r":"yY1oZMtkoTVfk"},{"id":6,"j7a":19,"psubqbq_jgk":8,"uub8t6l_8yz6duz":15180330,"n1n6":7,"b1r":"V4XEsFRdXplz"},{"id":7,"j7a":12,"psubqbq_jgk":2,"uub8t6l_8yz6duz":13347,"n1n6":1,"b1r":"0TbRuvloMII"},{"id":8,"j7a":11,"psubqbq_jgk":18,"uub8t6l_8yz6duz":8,"n1n6":null,"b1r":null},{"id":9,"j7a":12,"psubqbq_jgk":3,"uub8t6l_8yz6duz":-320801,"n1n6":1,"b1r":null},{"id":10,"j7a":2,"psubqbq_jgk":18,"uub8t6l_8yz6duz":-13,"n1n6":4,"b1r":null},{"id":11,"j7a":19,"psubqbq_jgk":6,"uub8t6l_8yz6duz":1966,"n1n6":null,"b1r":null},{"id":12,"j7a":2,"psubqbq_jgk":11,"uub8t6l_8yz6duz":-70622,"n1n6":2,"b1r":"0gsk"},{"id":13,"j7a":13,"psubqbq_jgk":14,"uub8t6l_8yz6duz":3,"n1n6":null,"b1r":"e2xXXEpb"},{"id":14,"j7a":11,"psubqbq_jgk":17,"uub8t6l_8yz6duz":503,"n1n6":2,"b1r":"WZ 9OyaWEOnTbqd"},{"id":15,"j7a":3,"psubqbq_jgk":15,"uub8t6l_8yz6duz":-18476,"n1n6":null,"b1r":"hvNg1gJOTo"},{"id":16,"j7a":2,"psubqbq_jgk":12,"uub8t6l_8yz6duz":-312,"n1n6":null,"b1r":"WhRZUiy 6RQShO"},{"id":17,"j7a":4,"psubqbq_jgk":4,"uub8t6l_8yz6duz":0,"n1n6":null,"b1r":null},{"id":18,"j7a":11,"psubqbq_jgk":18,"uub8t6l_8yz6duz":2610,"n1n6":null,"b1r":""},{"id":19,"j7a":19,"psubqbq_jgk":9,"uub8t6l_8yz6duz":-150,"n1n6":null,"b1r":"Ca0ltcDPU"},{"id":20,"j7a":19,"psubqbq_jgk":9,"uub8t6l_8yz6duz":22,"n1n6":null,"b1r":null},{"id":21,"j7a":7,"psubqbq_jgk":12,"uub8t6l_8yz6duz":0,"n1n6":7,"b1r":null}]