[{"id":1,"asqzk_mn4jje":1,"rz5q":16,"augteo":"RaLGcULT","vxf":"lmqR3","ozialezld0a":1},{"id":2,"asqzk_mn4jje":1,"rz5q":16,"augteo":"3csdKfBXJhDZGZy","vxf":"h3bycToi","ozialezld0a":1},{"id":3,"asqzk_mn4jje":2,"rz5q":1,"augteo":"HB","vxf":"ol5S5blbmCNz","ozialezld0a":1},{"id":4,"asqzk_mn4jje":2,"rz5q":5,"augteo":"LkaLZ8","vxf":null,"ozialezld0a":2},{"id":5,"asqzk_mn4jje":1,"rz5q":3,"augteo":"JZfjmoQok8","vxf":null,"ozialezld0a":1},{"id":6,"asqzk_mn4jje":3,"rz5q":1,"augteo":"csWEhkyN","vxf":"jDr0t","ozialezld0a":1},{"id":7,"asqzk_mn4jje":1,"rz5q":9,"augteo":"ilX","vxf":"IrqrqsG4VOeWV","ozialezld0a":2},{"id":8,"asqzk_mn4jje":2,"rz5q":4,"augteo":"LqSvUVvvljvdyk","vxf":"IWQgNIUbQV","ozialezld0a":1},{"id":9,"asqzk_mn4jje":2,"rz5q":12,"augteo":"lOPdxcRnZ1c","vxf":"YTXVUmm2mpEd0","ozialezld0a":1},{"id":10,"asqzk_mn4jje":1,"rz5q":15,"augteo":"ZZ7tw2cK44F","vxf":"","ozialezld0a":2},{"id":11,"asqzk_mn4jje":2,"rz5q":5,"augteo":"kNFKzwz6ERcd","vxf":null,"ozialezld0a":1},{"id":12,"asqzk_mn4jje":19,"rz5q":6,"augteo":"d","vxf":"fbFLz","ozialezld0a":1},{"id":13,"asqzk_mn4jje":2,"rz5q":10,"augteo":"h3vYrut j","vxf":"N","ozialezld0a":2},{"id":14,"asqzk_mn4jje":19,"rz5q":12,"augteo":"5","vxf":"QpBvRLW","ozialezld0a":2},{"id":15,"asqzk_mn4jje":8,"rz5q":14,"augteo":"E K1m5Xa0zzs ","vxf":null,"ozialezld0a":1},{"id":17,"asqzk_mn4jje":2,"rz5q":3,"augteo":"zg7vEO","vxf":"IFT44bMEUF9","ozialezld0a":1},{"id":18,"asqzk_mn4jje":2,"rz5q":19,"augteo":"RLSSnfjiKoo0","vxf":null,"ozialezld0a":2},{"id":19,"asqzk_mn4jje":3,"rz5q":21,"augteo":"A1ulFkW","vxf":null,"ozialezld0a":1},{"id":20,"asqzk_mn4jje":8,"rz5q":17,"augteo":"0ak","vxf":null,"ozialezld0a":2},{"id":16,"asqzk_mn4jje":19,"rz5q":20,"augteo":"eyefHwYjRshvC0","vxf":"eyyPHL","ozialezld0a":2},{"id":21,"asqzk_mn4jje":19,"rz5q":19,"augteo":"Wc0j0r13","vxf":"","ozialezld0a":1}]