[{"id":1,"name":"Martin D-28","description":"Classic dreadnought with rich, balanced tone and exceptional projection."},
{"id":2,"name":"Taylor 814ce","description":"Versatile, bright-sounding, and equipped with Taylor’s proprietary ES2 electronics."},
{"id":3,"name":"Gibson J-45","description":"Warm, vintage sound with a rounded, bass-heavy tone."},
{"id":4,"name":"Yamaha LL16","description":"Solid wood construction with excellent value and tonal clarity."},
{"id":5,"name":"Seagull S6 Original","description":"Affordable, Canadian-made guitar with a rich, full-bodied sound."}]
