[{"id":1,"description":"Classic dreadnought with rich, balanced tone and exceptional projection.","name":"Martin D-28"},
{"id":2,"description":"Versatile, bright-sounding, and equipped with Taylor’s proprietary ES2 electronics.","name":"Taylor 814ce"},
{"id":3,"description":"Warm, vintage sound with a rounded, bass-heavy tone.","name":"Gibson J-45"},
{"id":4,"description":"Solid wood construction with excellent value and tonal clarity.","name":"Yamaha LL16"},
{"id":5,"description":"Affordable, Canadian-made guitar with a rich, full-bodied sound.","name":"Seagull S6 Original"}]
