filename,location,uploaded_at,size_kb,id,user_id,mime_super,mime_sub,min_role_read,s3_store,isDirectory
bar_image.png,_sc_test_subfolder_one/bar_image.png,2025-12-23T20:33:27.829Z,0,,1,image,png,100,,
foo_image.png,_sc_test_subfolder_one/foo_image.png,2025-12-23T20:33:27.828Z,0,,1,image,png,1,,
bar_image.png,_sc_test_subfolder_one/subsubfolder/bar_image.png,2025-12-23T20:33:27.829Z,0,,1,image,png,100,,
subsubfolder,_sc_test_subfolder_one/subsubfolder,2025-12-23T20:33:27.828Z,0,,,,,1,,1
_sc_test_subfolder_one,_sc_test_subfolder_one,2025-12-23T20:33:27.828Z,0,,,,,100,,1
foo_image.png,_sc_test_subfolder_two/foo_image.png,2025-12-23T20:33:27.829Z,0,,1,image,png,100,,
_sc_test_subfolder_two,_sc_test_subfolder_two,2025-12-23T20:33:27.829Z,0,,,,,100,,1
file.txt,apitests/file.txt,2025-12-23T20:32:36.603Z,0,,1,text,plain,80,,
apitests,apitests,2025-12-23T20:32:36.602Z,0,,,,,100,,1
fixed_page.html,fixed_page.html,2025-12-23T20:33:46.047Z,0,,1,text,html,40,,
Screencast From 2025-11-19 21-43-36.mp4,flora/Screencast From 2025-11-19 21-43-36.mp4,2025-12-23T20:32:36.603Z,172,,1,video,mp4,1,,
Screenshot 2025-10-26 at 20.18.43.png,flora/Screenshot 2025-10-26 at 20.18.43.png,2025-12-23T20:32:36.603Z,160,,1,image,png,1,,
Screenshot 2025-11-07 at 22.06.29 (2).png,flora/Screenshot 2025-11-07 at 22.06.29 (2).png,2025-12-23T20:32:36.604Z,1702,,1,image,png,1,,
Screenshot 2025-11-13 at 04.11.50.png,flora/Screenshot 2025-11-13 at 04.11.50.png,2025-12-23T20:32:36.605Z,23,,1,image,png,1,,
Screenshot 2025-12-03 at 21.09.51.png,flora/Screenshot 2025-12-03 at 21.09.51.png,2025-12-23T20:32:36.605Z,133,,1,image,png,1,,
Screenshot 2025-12-22 at 01.34.08.png,flora/Screenshot 2025-12-22 at 01.34.08.png,2025-12-23T20:32:36.606Z,774,,1,image,png,1,,
WhatsApp Image 2025-11-07 at 15.34.23.jpeg,flora/WhatsApp Image 2025-11-07 at 15.34.23.jpeg,2025-12-23T20:32:36.606Z,24,,1,image,jpeg,1,,
beetle-8273349_1280 (7).jpg,flora/beetle-8273349_1280 (7).jpg,2025-12-23T20:32:36.606Z,51,,1,image,jpeg,1,,
pexels-mikebirdy-1335077.jpg,flora/pexels-mikebirdy-1335077.jpg,2025-12-23T20:32:36.607Z,2053,,1,image,jpeg,1,,
flora,flora,2025-12-23T20:32:36.602Z,0,,,,,100,,1
fox-715588_1280 (2) (1).jpg,fox-715588_1280 (2) (1).jpg,2025-12-23T20:32:36.608Z,282,,1,image,jpeg,1,,
large-image.png,large-image.png,2025-12-23T20:33:27.827Z,214,,1,image,png,100,,
magrite.png,magrite.png,2025-12-23T20:32:36.609Z,0,,1,image,png,100,,
magrite_1.png,magrite_1.png,2025-12-23T20:32:36.609Z,0,,1,image,png,100,,
magrite_10.png,magrite_10.png,2025-12-23T20:33:12.916Z,0,,1,image,png,100,,
magrite_11.png,magrite_11.png,2025-12-23T20:33:17.806Z,0,,1,image,png,100,,
magrite_12.png,magrite_12.png,2025-12-23T20:33:27.578Z,0,,1,image,png,100,,
magrite_13.png,magrite_13.png,2025-12-23T20:33:30.722Z,0,,1,image,png,100,,
magrite_14.png,magrite_14.png,2025-12-23T20:33:33.841Z,0,,1,image,png,100,,
magrite_15.png,magrite_15.png,2025-12-23T20:33:45.750Z,0,,1,image,png,100,,
magrite_16.png,magrite_16.png,2025-12-23T20:33:48.920Z,0,,1,image,png,100,,
magrite_17.png,magrite_17.png,2025-12-23T20:33:52.345Z,0,,1,image,png,100,,
magrite_18.png,magrite_18.png,2025-12-23T20:33:54.528Z,0,,1,image,png,100,,
magrite_19.png,magrite_19.png,2025-12-23T20:33:57.276Z,0,,1,image,png,100,,
magrite_2.png,magrite_2.png,2025-12-23T20:32:36.609Z,0,,1,image,png,100,,
magrite_20.png,magrite_20.png,2025-12-23T20:33:59.951Z,0,,1,image,png,100,,
magrite_21.png,magrite_21.png,2025-12-23T20:34:04.593Z,0,,1,image,png,100,,
magrite_22.png,magrite_22.png,2025-12-23T20:34:06.461Z,0,,1,image,png,100,,
magrite_23.png,magrite_23.png,2025-12-23T20:34:09.447Z,0,,1,image,png,100,,
magrite_24.png,magrite_24.png,2025-12-23T20:34:11.648Z,0,,1,image,png,100,,
magrite_25.png,magrite_25.png,2025-12-23T20:46:17.875Z,0,,1,image,png,100,,
magrite_26.png,magrite_26.png,2025-12-23T20:46:19.955Z,0,,1,image,png,100,,
magrite_27.png,magrite_27.png,2025-12-23T20:46:22.540Z,0,,1,image,png,100,,
magrite_28.png,magrite_28.png,2025-12-23T20:48:35.564Z,0,,1,image,png,100,,
magrite_29.png,magrite_29.png,2025-12-23T20:48:37.596Z,0,,1,image,png,100,,
magrite_3.png,magrite_3.png,2025-12-23T20:32:36.609Z,0,,1,image,png,100,,
magrite_30.png,magrite_30.png,2025-12-23T20:48:40.124Z,0,,1,image,png,100,,
magrite_31.png,magrite_31.png,2025-12-23T20:48:41.672Z,0,,1,image,png,100,,
magrite_32.png,magrite_32.png,2025-12-23T20:50:20.565Z,0,,1,image,png,100,,
magrite_33.png,magrite_33.png,2025-12-23T20:50:22.524Z,0,,1,image,png,100,,
magrite_34.png,magrite_34.png,2025-12-23T20:50:34.606Z,0,,1,image,png,100,,
magrite_35.png,magrite_35.png,2025-12-23T20:50:36.723Z,0,,1,image,png,100,,
magrite_36.png,magrite_36.png,2026-01-09T01:55:50.613Z,0,,1,image,png,100,,
magrite_37.png,magrite_37.png,2026-01-09T01:55:56.812Z,0,,1,image,png,100,,
magrite_38.png,magrite_38.png,2026-01-09T01:55:58.781Z,0,,1,image,png,100,,
magrite_39.png,magrite_39.png,2026-01-09T01:56:00.584Z,0,,1,image,png,100,,
magrite_4.png,magrite_4.png,2025-12-23T20:32:36.609Z,0,,1,image,png,100,,
magrite_40.png,magrite_40.png,2026-01-09T01:56:06.154Z,0,,1,image,png,100,,
magrite_41.png,magrite_41.png,2026-01-09T01:56:07.371Z,0,,1,image,png,100,,
magrite_42.png,magrite_42.png,2026-01-09T01:56:09.092Z,0,,1,image,png,100,,
magrite_43.png,magrite_43.png,2026-01-09T01:56:18.182Z,0,,1,image,png,100,,
magrite_44.png,magrite_44.png,2026-01-09T01:56:19.595Z,0,,1,image,png,100,,
magrite_45.png,magrite_45.png,2026-01-09T01:56:22.164Z,0,,1,image,png,100,,
magrite_46.png,magrite_46.png,2026-01-09T01:56:23.613Z,0,,1,image,png,100,,
magrite_47.png,magrite_47.png,2026-01-09T01:56:24.993Z,0,,1,image,png,100,,
magrite_48.png,magrite_48.png,2026-01-09T01:56:27.003Z,0,,1,image,png,100,,
magrite_49.png,magrite_49.png,2026-01-09T01:56:28.345Z,0,,1,image,png,100,,
magrite_5.png,magrite_5.png,2025-12-23T20:32:36.609Z,0,,1,image,png,100,,
magrite_50.png,magrite_50.png,2026-01-09T01:56:29.773Z,0,,1,image,png,100,,
magrite_51.png,magrite_51.png,2026-01-09T01:56:31.235Z,0,,1,image,png,100,,
magrite_52.png,magrite_52.png,2026-01-09T01:56:34.239Z,0,,1,image,png,100,,
magrite_53.png,magrite_53.png,2026-01-09T01:56:35.668Z,0,,1,image,png,100,,
magrite_54.png,magrite_54.png,2026-01-09T01:56:37.787Z,0,,1,image,png,100,,
magrite_55.png,magrite_55.png,2026-01-09T01:56:38.654Z,0,,1,image,png,100,,
magrite_56.png,magrite_56.png,2026-01-09T01:56:40.797Z,0,,1,image,png,100,,
magrite_57.png,magrite_57.png,2026-01-09T01:56:42.285Z,0,,1,image,png,100,,
magrite_58.png,magrite_58.png,2026-01-09T01:56:43.952Z,0,,1,image,png,100,,
magrite_59.png,magrite_59.png,2026-01-09T01:56:45.588Z,0,,1,image,png,100,,
magrite_6.png,magrite_6.png,2025-12-23T20:32:36.610Z,0,,1,image,png,100,,
magrite_60.png,magrite_60.png,2026-01-09T01:56:47.367Z,0,,1,image,png,100,,
magrite_61.png,magrite_61.png,2026-01-09T01:56:53.664Z,0,,1,image,png,100,,
magrite_62.png,magrite_62.png,2026-01-09T01:56:55.577Z,0,,1,image,png,100,,
magrite_63.png,magrite_63.png,2026-01-09T01:56:57.356Z,0,,1,image,png,100,,
magrite_64.png,magrite_64.png,2026-01-09T01:57:00.062Z,0,,1,image,png,100,,
magrite_65.png,magrite_65.png,2026-01-09T01:57:01.928Z,0,,1,image,png,100,,
magrite_66.png,magrite_66.png,2026-01-09T01:57:03.983Z,0,,1,image,png,100,,
magrite_67.png,magrite_67.png,2026-01-09T01:57:08.413Z,0,,1,image,png,100,,
magrite_68.png,magrite_68.png,2026-01-09T01:57:10.457Z,0,,1,image,png,100,,
magrite_7.png,magrite_7.png,2025-12-23T20:32:36.610Z,0,,1,image,png,100,,
magrite_8.png,magrite_8.png,2025-12-23T20:32:38.434Z,0,,1,image,png,100,,
magrite_9.png,magrite_9.png,2025-12-23T20:32:42.603Z,0,,1,image,png,100,,
mountain-range-9842371_1280.jpg,mountain-range-9842371_1280.jpg,2026-01-30T12:07:56.558Z,39,,1,image,jpeg,100,,
rick.png,rick.png,2025-12-23T20:48:40.310Z,0,,1,image,png,40,,
rick1.png,rick1.png,2025-12-23T20:32:36.610Z,0,,1,image,png,80,,
rick_1.png,rick_1.png,2025-12-23T20:33:27.827Z,0,,1,image,png,40,,
rick_2.png,rick_2.png,2025-12-23T20:50:34.982Z,0,,1,image,png,40,,
rick_3.png,rick_3.png,2026-01-09T01:55:59.341Z,0,,1,image,png,100,,
rick_4.png,rick_4.png,2026-01-09T01:56:41.240Z,0,,1,image,png,100,,
fileName2.html,subfolder/fileName2.html,2026-01-09T01:56:41.246Z,0,,1,text,html,100,,
fixed_page2.html,subfolder/fixed_page2.html,2025-12-23T20:33:46.047Z,0,,1,text,html,1,,
mysubsubfolder,subfolder/mysubsubfolder,2026-01-09T01:56:41.258Z,0,,,,,100,,1
subfolder,subfolder,2025-12-23T20:33:46.047Z,0,,,,,100,,1
test.html,test.html,2025-12-23T20:33:46.047Z,0,,1,text,html,1,,
tmp-1-920681766522008573,tmp-1-920681766522008573,2025-12-23T20:33:28.574Z,0,,1,,,1,,
tmp-3-920681766522008931,tmp-3-920681766522008931,2025-12-23T20:33:28.932Z,0,,2,,,1,,
