[{"id":1,"body":{},"written_at":"2025-10-20T06:24:24.135Z","user_id":null,"name":"Success","type":"Backup"},{"id":2,"body":{},"written_at":"2026-01-30T12:12:21.506Z","user_id":null,"name":"Success","type":"Backup"},{"id":3,"body":{},"written_at":"2026-01-31T12:13:10.130Z","user_id":null,"name":"Success","type":"Backup"},{"id":4,"body":{},"written_at":"2026-02-01T12:37:43.174Z","user_id":null,"name":"Success","type":"Backup"},{"id":5,"body":{},"written_at":"2026-02-02T12:13:37.866Z","user_id":null,"name":"Success","type":"Backup"},{"id":6,"body":{},"written_at":"2026-02-04T12:32:59.000Z","user_id":null,"name":"Success","type":"Backup"}]