[{"id":1,"qt81ctgqmh":null,"y59ievhspusnms":"Wed May 12 2021 19:53:01 GMT+0200 (Central European Summer Time)","xktrvcx_d2ih":null},{"id":2,"qt81ctgqmh":null,"y59ievhspusnms":"Sun May 02 2021 13:53:02 GMT+0200 (Central European Summer Time)","xktrvcx_d2ih":-160},{"id":3,"qt81ctgqmh":null,"y59ievhspusnms":"Tue May 24 2022 11:53:02 GMT+0200 (Central European Summer Time)","xktrvcx_d2ih":-520},{"id":4,"qt81ctgqmh":null,"y59ievhspusnms":"Tue Sep 28 2021 18:53:02 GMT+0200 (Central European Summer Time)","xktrvcx_d2ih":-1271},{"id":5,"qt81ctgqmh":3,"y59ievhspusnms":"Tue Oct 12 2021 19:53:03 GMT+0200 (Central European Summer Time)","xktrvcx_d2ih":-354},{"id":6,"qt81ctgqmh":2,"y59ievhspusnms":"Thu Mar 04 2021 04:53:03 GMT+0100 (Central European Standard Time)","xktrvcx_d2ih":-985},{"id":7,"qt81ctgqmh":1,"y59ievhspusnms":"Mon Jun 28 2021 01:53:03 GMT+0200 (Central European Summer Time)","xktrvcx_d2ih":null},{"id":8,"qt81ctgqmh":null,"y59ievhspusnms":"Sun Oct 09 2022 00:53:03 GMT+0200 (Central European Summer Time)","xktrvcx_d2ih":-650},{"id":9,"qt81ctgqmh":2,"y59ievhspusnms":"Tue Nov 08 2022 06:53:04 GMT+0100 (Central European Standard Time)","xktrvcx_d2ih":-1245},{"id":10,"qt81ctgqmh":3,"y59ievhspusnms":"Sat May 01 2021 15:53:04 GMT+0200 (Central European Summer Time)","xktrvcx_d2ih":-50},{"id":11,"qt81ctgqmh":2,"y59ievhspusnms":"Fri May 21 2021 07:53:04 GMT+0200 (Central European Summer Time)","xktrvcx_d2ih":null},{"id":12,"qt81ctgqmh":null,"y59ievhspusnms":"Thu Nov 04 2021 12:53:06 GMT+0100 (Central European Standard Time)","xktrvcx_d2ih":null},{"id":13,"qt81ctgqmh":null,"y59ievhspusnms":"Fri Dec 16 2022 22:53:04 GMT+0100 (Central European Standard Time)","xktrvcx_d2ih":-1667},{"id":14,"qt81ctgqmh":2,"y59ievhspusnms":"Sat Dec 10 2022 22:53:04 GMT+0100 (Central European Standard Time)","xktrvcx_d2ih":null},{"id":15,"qt81ctgqmh":null,"y59ievhspusnms":"Wed Feb 23 2022 23:53:05 GMT+0100 (Central European Standard Time)","xktrvcx_d2ih":null},{"id":16,"qt81ctgqmh":null,"y59ievhspusnms":"Sat Apr 03 2021 11:53:05 GMT+0200 (Central European Summer Time)","xktrvcx_d2ih":-75},{"id":17,"qt81ctgqmh":3,"y59ievhspusnms":"Wed Mar 17 2021 03:53:05 GMT+0100 (Central European Standard Time)","xktrvcx_d2ih":-1373},{"id":18,"qt81ctgqmh":3,"y59ievhspusnms":"Thu Jul 07 2022 01:53:05 GMT+0200 (Central European Summer Time)","xktrvcx_d2ih":-1668},{"id":19,"qt81ctgqmh":null,"y59ievhspusnms":"Thu Nov 17 2022 03:53:05 GMT+0100 (Central European Standard Time)","xktrvcx_d2ih":null},{"id":20,"qt81ctgqmh":2,"y59ievhspusnms":"Tue Jan 12 2021 14:53:05 GMT+0100 (Central European Standard Time)","xktrvcx_d2ih":null},{"id":21,"qt81ctgqmh":1,"y59ievhspusnms":"Tue Nov 24 2020 00:53:06 GMT+0100 (Central European Standard Time)","xktrvcx_d2ih":null}]