[{"id":1,"_6hoju":14350572.966833599,"a_sr2by":"Sat Nov 26 2022 13:52:34 GMT+0100 (Central European Standard Time)","_5_wctxrdoqe":2,"a7ab_0ouvfg":1,"hobvrlg":null,"ejrgeeqh2a":null,"_4m2uckwndj":null,"_4i9qr0eprqq":1},{"id":2,"_6hoju":-52.296449484910525,"a_sr2by":null,"_5_wctxrdoqe":3,"a7ab_0ouvfg":1,"hobvrlg":null,"ejrgeeqh2a":1,"_4m2uckwndj":"z3unOFG","_4i9qr0eprqq":1},{"id":3,"_6hoju":-52.3819978676753,"a_sr2by":null,"_5_wctxrdoqe":null,"a7ab_0ouvfg":null,"hobvrlg":null,"ejrgeeqh2a":null,"_4m2uckwndj":null,"_4i9qr0eprqq":1},{"id":4,"_6hoju":41.24954790060926,"a_sr2by":"Tue Jul 13 2021 13:52:34 GMT+0200 (Central European Summer Time)","_5_wctxrdoqe":1,"a7ab_0ouvfg":1,"hobvrlg":null,"ejrgeeqh2a":null,"_4m2uckwndj":null,"_4i9qr0eprqq":2},{"id":5,"_6hoju":-52.38123490263491,"a_sr2by":null,"_5_wctxrdoqe":null,"a7ab_0ouvfg":null,"hobvrlg":null,"ejrgeeqh2a":null,"_4m2uckwndj":null,"_4i9qr0eprqq":1},{"id":6,"_6hoju":88513677.69073197,"a_sr2by":null,"_5_wctxrdoqe":2,"a7ab_0ouvfg":null,"hobvrlg":null,"ejrgeeqh2a":null,"_4m2uckwndj":null,"_4i9qr0eprqq":1},{"id":7,"_6hoju":1387.23440017732,"a_sr2by":"Thu Mar 11 2021 11:52:35 GMT+0100 (Central European Standard Time)","_5_wctxrdoqe":3,"a7ab_0ouvfg":1,"hobvrlg":null,"ejrgeeqh2a":null,"_4m2uckwndj":" 7E","_4i9qr0eprqq":2},{"id":8,"_6hoju":1332.2151852493273,"a_sr2by":"Fri Oct 08 2021 09:52:35 GMT+0200 (Central European Summer Time)","_5_wctxrdoqe":null,"a7ab_0ouvfg":1,"hobvrlg":null,"ejrgeeqh2a":1,"_4m2uckwndj":"GnQSMmNl4 hJ","_4i9qr0eprqq":2},{"id":9,"_6hoju":-35.24142401811986,"a_sr2by":null,"_5_wctxrdoqe":1,"a7ab_0ouvfg":2,"hobvrlg":null,"ejrgeeqh2a":1,"_4m2uckwndj":null,"_4i9qr0eprqq":2},{"id":10,"_6hoju":-52.36468426848067,"a_sr2by":null,"_5_wctxrdoqe":null,"a7ab_0ouvfg":1,"hobvrlg":null,"ejrgeeqh2a":null,"_4m2uckwndj":"8ooS PkWpT0 8Kq","_4i9qr0eprqq":1},{"id":11,"_6hoju":-52.37844635114404,"a_sr2by":"Sun Feb 27 2022 06:52:35 GMT+0100 (Central European Standard Time)","_5_wctxrdoqe":3,"a7ab_0ouvfg":null,"hobvrlg":null,"ejrgeeqh2a":null,"_4m2uckwndj":null,"_4i9qr0eprqq":1},{"id":12,"_6hoju":855.5105999197453,"a_sr2by":"Sat Feb 27 2021 16:52:36 GMT+0100 (Central European Standard Time)","_5_wctxrdoqe":3,"a7ab_0ouvfg":1,"hobvrlg":null,"ejrgeeqh2a":2,"_4m2uckwndj":null,"_4i9qr0eprqq":1},{"id":13,"_6hoju":-52.38236866985072,"a_sr2by":"Sat Oct 23 2021 08:52:36 GMT+0200 (Central European Summer Time)","_5_wctxrdoqe":null,"a7ab_0ouvfg":null,"hobvrlg":null,"ejrgeeqh2a":1,"_4m2uckwndj":null,"_4i9qr0eprqq":1},{"id":14,"_6hoju":2469344.204948271,"a_sr2by":null,"_5_wctxrdoqe":1,"a7ab_0ouvfg":1,"hobvrlg":null,"ejrgeeqh2a":null,"_4m2uckwndj":null,"_4i9qr0eprqq":1},{"id":15,"_6hoju":-51.968426760708596,"a_sr2by":"Tue May 10 2022 18:52:36 GMT+0200 (Central European Summer Time)","_5_wctxrdoqe":null,"a7ab_0ouvfg":2,"hobvrlg":null,"ejrgeeqh2a":3,"_4m2uckwndj":null,"_4i9qr0eprqq":2},{"id":16,"_6hoju":-26.61138914151127,"a_sr2by":"Fri Dec 31 2021 01:52:37 GMT+0100 (Central European Standard Time)","_5_wctxrdoqe":3,"a7ab_0ouvfg":null,"hobvrlg":null,"ejrgeeqh2a":1,"_4m2uckwndj":"BBR5i","_4i9qr0eprqq":1},{"id":17,"_6hoju":-52.09991653774609,"a_sr2by":"Sat Oct 10 2020 16:52:36 GMT+0200 (Central European Summer Time)","_5_wctxrdoqe":3,"a7ab_0ouvfg":null,"hobvrlg":null,"ejrgeeqh2a":null,"_4m2uckwndj":"Rr64E","_4i9qr0eprqq":2},{"id":18,"_6hoju":4024104.2966874377,"a_sr2by":"Thu Sep 22 2022 19:52:36 GMT+0200 (Central European Summer Time)","_5_wctxrdoqe":null,"a7ab_0ouvfg":null,"hobvrlg":null,"ejrgeeqh2a":1,"_4m2uckwndj":null,"_4i9qr0eprqq":1},{"id":19,"_6hoju":47997663.2159805,"a_sr2by":"Thu Jan 13 2022 08:52:37 GMT+0100 (Central European Standard Time)","_5_wctxrdoqe":null,"a7ab_0ouvfg":2,"hobvrlg":null,"ejrgeeqh2a":null,"_4m2uckwndj":null,"_4i9qr0eprqq":1},{"id":20,"_6hoju":-9.343362779961588,"a_sr2by":null,"_5_wctxrdoqe":null,"a7ab_0ouvfg":null,"hobvrlg":null,"ejrgeeqh2a":null,"_4m2uckwndj":null,"_4i9qr0eprqq":2},{"id":21,"_6hoju":-52.37650899308403,"a_sr2by":"Tue Apr 27 2021 15:52:37 GMT+0200 (Central European Summer Time)","_5_wctxrdoqe":3,"a7ab_0ouvfg":1,"hobvrlg":null,"ejrgeeqh2a":1,"_4m2uckwndj":"l4ZnloI","_4i9qr0eprqq":1}]