[{"id":1,"if5tuh0y4pgnm5":3,"ixoo3xji2hotp4m":11,"eea_vtntqb":true,"rxkis9w":"Wed Dec 01 2021 01:52:56 GMT+0100 (Central European Standard Time)","_1vs9v":null,"_1_m78fuv":7},{"id":2,"if5tuh0y4pgnm5":1,"ixoo3xji2hotp4m":1,"eea_vtntqb":false,"rxkis9w":"Wed Nov 24 2021 02:52:56 GMT+0100 (Central European Standard Time)","_1vs9v":null,"_1_m78fuv":7},{"id":3,"if5tuh0y4pgnm5":2,"ixoo3xji2hotp4m":10,"eea_vtntqb":true,"rxkis9w":"Tue Feb 09 2021 10:52:56 GMT+0100 (Central European Standard Time)","_1vs9v":2,"_1_m78fuv":7}]