[{"id":1,"fbcz":-18969428,"z58tpaz_hea95":null,"a_vx":null,"i6spyb":null,"np6yjvv":"4Le","bwi95jeadd9qs":null,"jejlhsvxwb7m":8,"_1xd_15hu":17,"mblysjs":1},{"id":2,"fbcz":null,"z58tpaz_hea95":null,"a_vx":"Mon Jan 18 2021 07:53:26 GMT+0100 (Central European Standard Time)","i6spyb":null,"np6yjvv":"o1N","bwi95jeadd9qs":null,"jejlhsvxwb7m":9,"_1xd_15hu":1,"mblysjs":2},{"id":3,"fbcz":0,"z58tpaz_hea95":null,"a_vx":"Sat Dec 26 2020 16:53:26 GMT+0100 (Central European Standard Time)","i6spyb":16,"np6yjvv":"knyhIVSHuwuqVy","bwi95jeadd9qs":17,"jejlhsvxwb7m":10,"_1xd_15hu":19,"mblysjs":null},{"id":4,"fbcz":null,"z58tpaz_hea95":null,"a_vx":null,"i6spyb":null,"np6yjvv":"QTapx23","bwi95jeadd9qs":null,"jejlhsvxwb7m":5,"_1xd_15hu":3,"mblysjs":1},{"id":5,"fbcz":-196,"z58tpaz_hea95":1,"a_vx":"Sat Aug 28 2021 13:53:26 GMT+0200 (Central European Summer Time)","i6spyb":null,"np6yjvv":"fc3g","bwi95jeadd9qs":null,"jejlhsvxwb7m":1,"_1xd_15hu":13,"mblysjs":null},{"id":6,"fbcz":null,"z58tpaz_hea95":null,"a_vx":null,"i6spyb":null,"np6yjvv":"L4WM r1N","bwi95jeadd9qs":null,"jejlhsvxwb7m":null,"_1xd_15hu":9,"mblysjs":null},{"id":7,"fbcz":null,"z58tpaz_hea95":null,"a_vx":null,"i6spyb":null,"np6yjvv":"INbvc8gm4 3u","bwi95jeadd9qs":null,"jejlhsvxwb7m":null,"_1xd_15hu":21,"mblysjs":2},{"id":8,"fbcz":-63617,"z58tpaz_hea95":null,"a_vx":"Mon Mar 21 2022 20:53:27 GMT+0100 (Central European Standard Time)","i6spyb":10,"np6yjvv":"PDk2T4w","bwi95jeadd9qs":null,"jejlhsvxwb7m":null,"_1xd_15hu":15,"mblysjs":null},{"id":9,"fbcz":null,"z58tpaz_hea95":null,"a_vx":null,"i6spyb":20,"np6yjvv":"oYTsF","bwi95jeadd9qs":14,"jejlhsvxwb7m":17,"_1xd_15hu":14,"mblysjs":1},{"id":10,"fbcz":null,"z58tpaz_hea95":null,"a_vx":"Sun Jan 09 2022 15:53:27 GMT+0100 (Central European Standard Time)","i6spyb":null,"np6yjvv":"rKP rjN3","bwi95jeadd9qs":3,"jejlhsvxwb7m":null,"_1xd_15hu":18,"mblysjs":null},{"id":11,"fbcz":0,"z58tpaz_hea95":null,"a_vx":"Mon Mar 01 2021 16:53:27 GMT+0100 (Central European Standard Time)","i6spyb":19,"np6yjvv":"NrzO","bwi95jeadd9qs":15,"jejlhsvxwb7m":12,"_1xd_15hu":6,"mblysjs":null},{"id":12,"fbcz":-2208006,"z58tpaz_hea95":null,"a_vx":null,"i6spyb":10,"np6yjvv":"v36Az GfGq","bwi95jeadd9qs":null,"jejlhsvxwb7m":11,"_1xd_15hu":7,"mblysjs":null},{"id":13,"fbcz":null,"z58tpaz_hea95":1,"a_vx":"Wed Dec 22 2021 12:53:28 GMT+0100 (Central European Standard Time)","i6spyb":null,"np6yjvv":"70ZFQK7YPI","bwi95jeadd9qs":8,"jejlhsvxwb7m":null,"_1xd_15hu":20,"mblysjs":1},{"id":14,"fbcz":null,"z58tpaz_hea95":1,"a_vx":"Thu May 12 2022 21:53:28 GMT+0200 (Central European Summer Time)","i6spyb":15,"np6yjvv":"wNty1b ML9OWt","bwi95jeadd9qs":9,"jejlhsvxwb7m":3,"_1xd_15hu":11,"mblysjs":null}]