[{"id":1,"rvgtn5o4":"Wn4Pm4","hkn":1,"_0ococ5k0s":1,"nvynkbh_kjzs":1,"rjliiqk7o8vt":-9.822823651757233},{"id":2,"rvgtn5o4":null,"hkn":2,"_0ococ5k0s":1,"nvynkbh_kjzs":1,"rjliiqk7o8vt":-19.770769686813495},{"id":3,"rvgtn5o4":null,"hkn":2,"_0ococ5k0s":2,"nvynkbh_kjzs":3,"rjliiqk7o8vt":-0.08459880397645743},{"id":4,"rvgtn5o4":"kZj","hkn":2,"_0ococ5k0s":1,"nvynkbh_kjzs":3,"rjliiqk7o8vt":-26705.59729255488},{"id":5,"rvgtn5o4":"fRrywgUbCPYI9TJ","hkn":1,"_0ococ5k0s":2,"nvynkbh_kjzs":3,"rjliiqk7o8vt":0.01131887378752199},{"id":6,"rvgtn5o4":"JC21i5HC","hkn":1,"_0ococ5k0s":2,"nvynkbh_kjzs":null,"rjliiqk7o8vt":-61.48999062881302},{"id":7,"rvgtn5o4":null,"hkn":1,"_0ococ5k0s":2,"nvynkbh_kjzs":3,"rjliiqk7o8vt":0.15933190918365228},{"id":8,"rvgtn5o4":"IijsN","hkn":2,"_0ococ5k0s":2,"nvynkbh_kjzs":1,"rjliiqk7o8vt":0.020969977241427712},{"id":9,"rvgtn5o4":"DH3kMS5a8S9R","hkn":2,"_0ococ5k0s":1,"nvynkbh_kjzs":null,"rjliiqk7o8vt":0.502301216825715},{"id":10,"rvgtn5o4":null,"hkn":1,"_0ococ5k0s":2,"nvynkbh_kjzs":null,"rjliiqk7o8vt":-94.08680752829147},{"id":11,"rvgtn5o4":null,"hkn":1,"_0ococ5k0s":1,"nvynkbh_kjzs":3,"rjliiqk7o8vt":-7.239382501626266},{"id":12,"rvgtn5o4":null,"hkn":2,"_0ococ5k0s":2,"nvynkbh_kjzs":null,"rjliiqk7o8vt":19129659.95395977},{"id":13,"rvgtn5o4":null,"hkn":2,"_0ococ5k0s":2,"nvynkbh_kjzs":null,"rjliiqk7o8vt":-0.008252332495082138},{"id":14,"rvgtn5o4":" 9d","hkn":2,"_0ococ5k0s":1,"nvynkbh_kjzs":null,"rjliiqk7o8vt":-2.5743135529887593},{"id":15,"rvgtn5o4":"bjSTm8g7 UNRuTl","hkn":1,"_0ococ5k0s":2,"nvynkbh_kjzs":3,"rjliiqk7o8vt":0.0056981794050088245},{"id":16,"rvgtn5o4":null,"hkn":1,"_0ococ5k0s":2,"nvynkbh_kjzs":2,"rjliiqk7o8vt":-9.138019169450406},{"id":17,"rvgtn5o4":null,"hkn":2,"_0ococ5k0s":2,"nvynkbh_kjzs":null,"rjliiqk7o8vt":-0.08865046865475272},{"id":18,"rvgtn5o4":null,"hkn":2,"_0ococ5k0s":1,"nvynkbh_kjzs":2,"rjliiqk7o8vt":9.830574741451205},{"id":19,"rvgtn5o4":null,"hkn":1,"_0ococ5k0s":2,"nvynkbh_kjzs":2,"rjliiqk7o8vt":0.04639227334270274},{"id":20,"rvgtn5o4":"mQ","hkn":1,"_0ococ5k0s":2,"nvynkbh_kjzs":1,"rjliiqk7o8vt":-1.4648525422111858},{"id":21,"rvgtn5o4":"g","hkn":1,"_0ococ5k0s":1,"nvynkbh_kjzs":null,"rjliiqk7o8vt":-50487671.408316925}]