[{"id":1,"vi3ybc":2,"bln56dq":null,"ic_b":1,"veo":null,"mckhn5odo_wsa":null,"bax04_o":3},{"id":2,"vi3ybc":null,"bln56dq":null,"ic_b":1,"veo":1,"mckhn5odo_wsa":2,"bax04_o":2},{"id":3,"vi3ybc":1,"bln56dq":2,"ic_b":1,"veo":null,"mckhn5odo_wsa":null,"bax04_o":2},{"id":4,"vi3ybc":null,"bln56dq":null,"ic_b":2,"veo":null,"mckhn5odo_wsa":null,"bax04_o":1},{"id":5,"vi3ybc":null,"bln56dq":null,"ic_b":1,"veo":null,"mckhn5odo_wsa":null,"bax04_o":2},{"id":6,"vi3ybc":null,"bln56dq":1,"ic_b":3,"veo":null,"mckhn5odo_wsa":null,"bax04_o":2}]