[{"id":1,"email":"admin@foo.com","password":"$2a$10$J6IeO03qKh7NNuHo9Wusx.nkAGDWklgG.G0aG0xf/hswqDgCJTti.","role_id":1,"reset_password_token":null,"reset_password_expiry":null,"language":null,"disabled":0,"api_token":null,"_attributes":null,"verification_token":null,"verified_on":null},{"id":2,"email":"staff@foo.com","password":"$2a$10$BS61N88YrGBz3ufy76S1T.wxtm.r/CFG.mPpERh5hs08v1NUY0pOK","role_id":4,"reset_password_token":null,"reset_password_expiry":null,"language":null,"disabled":0,"api_token":null,"_attributes":null,"verification_token":null,"verified_on":null},{"id":3,"email":"user@foo.com","password":"$2a$10$yMoiRcs8DvO3UYkE8Atd5OkRhXseTg5jlkPNoEe7PbnQKYMfzK5.O","role_id":8,"reset_password_token":null,"reset_password_expiry":null,"language":null,"disabled":0,"api_token":null,"_attributes":null,"verification_token":null,"verified_on":null}]