[{"id":1,"_1osl_ghenbvdt":2,"sbyrxsgnfg5":19,"_hu":"Ruej","d6erorz5vz":"Thu Aug 05 2021 08:52:48 GMT+0200 (Central European Summer Time)","_0mm":3,"_8bztpqniboop":null,"_cu":null,"n26ehgf3w":1},{"id":2,"_1osl_ghenbvdt":3,"sbyrxsgnfg5":17,"_hu":"TF6giBfk92cT y0","d6erorz5vz":"Fri Jul 23 2021 11:52:47 GMT+0200 (Central European Summer Time)","_0mm":1,"_8bztpqniboop":null,"_cu":null,"n26ehgf3w":2},{"id":3,"_1osl_ghenbvdt":2,"sbyrxsgnfg5":9,"_hu":"16hw","d6erorz5vz":"Fri Oct 22 2021 02:52:47 GMT+0200 (Central European Summer Time)","_0mm":2,"_8bztpqniboop":1,"_cu":null,"n26ehgf3w":3}]