[{"id":1,"email":"rmgerard1309@gmail.com","password":"$2a$10$7fGrlADiCAJm9MNFmK3FaeFBtLPg6s95A.ILK.55EHWwaOFmonjVe","role_id":1,"reset_password_token":null,"reset_password_expiry":null,"language":null,"disabled":0,"api_token":null,"_attributes":"{}","verification_token":null,"verified_on":null,"last_mobile_login":null,"username":"gerard","avatar":null},{"id":2,"email":"admin@example.com","password":"$2a$10$u.2HZwvAqHyWWCCG0lat3urZC5aJHoB8hI2dGxtvzRlgZPq5etdv2","role_id":100,"reset_password_token":null,"reset_password_expiry":null,"language":null,"disabled":0,"api_token":null,"_attributes":"{}","verification_token":null,"verified_on":null,"last_mobile_login":null,"username":"admin1","avatar":null}]