filename,location,uploaded_at,size_kb,id,user_id,mime_super,mime_sub,min_role_read,s3_store,isDirectory
bar_image.png,_sc_test_subfolder_one/bar_image.png,2025-08-02T08:18:53.941Z,0,,1,image,png,100,,
foo_image.png,_sc_test_subfolder_one/foo_image.png,2025-08-02T08:18:53.941Z,0,,1,image,png,1,,
bar_image.png,_sc_test_subfolder_one/subsubfolder/bar_image.png,2025-08-02T08:18:53.941Z,0,,1,image,png,100,,
subsubfolder,_sc_test_subfolder_one/subsubfolder,2025-08-02T08:18:53.940Z,4,,NaN,,,1,,1
_sc_test_subfolder_one,_sc_test_subfolder_one,2025-08-02T08:18:53.940Z,4,,NaN,,,100,,1
foo_image.png,_sc_test_subfolder_two/foo_image.png,2025-08-02T08:18:53.941Z,0,,1,image,png,100,,
_sc_test_subfolder_two,_sc_test_subfolder_two,2025-08-02T08:18:53.940Z,4,,NaN,,,100,,1
fixed_page2.html,subfolder/fixed_page2.html,2025-08-02T08:18:53.947Z,0,,1,text,html,1,,
subfolder,subfolder,2025-08-02T08:18:53.940Z,4,,NaN,,,100,,1
