[{"id":1,"email":"admin@admins.com","password":"$2a$10$DSGovBKv9wP4x0niuF2qqO8V84km5BIH2p6a0.3b/mmObg9C98QeC","role_id":1,"reset_password_token":null,"reset_password_expiry":null,"language":null,"disabled":false,"api_token":null,"_attributes":null},{"id":2,"email":"user@foo.com","password":"$2a$10$DfbLNMmUnzxETEHGLvFfCOp1u46awD5dUjOZZyLuRexke0aQMhSha","role_id":8,"reset_password_token":null,"reset_password_expiry":null,"language":null,"disabled":false,"api_token":null,"_attributes":null},{"id":3,"email":"staff@foo.com","password":"$2a$10$ZKenE3JavWY4PIswM2bRBeK/5xybIkTpAMmql3LkB9MYrSTL5Km2G","role_id":4,"reset_password_token":null,"reset_password_expiry":null,"language":null,"disabled":false,"api_token":null,"_attributes":null}]