[{"id":1,"email":"admin@admins.com","password":"$2a$10$CDpOLaCduxlhkENeXU7P4uyrOq7RjsRGyYwIWwAQZzjf0CiujQEFy","role_id":1,"reset_password_token":null,"reset_password_expiry":null,"language":null,"disabled":false,"api_token":null,"_attributes":null},{"id":2,"email":"staff@foo.com","password":"$2a$10$rtdHubnhOSWq1/gcFHfQuONN3XHiIajdiXWOstS2sRpC2d4hyk6Uq","role_id":4,"reset_password_token":null,"reset_password_expiry":null,"language":null,"disabled":false,"api_token":null,"_attributes":null},{"id":3,"email":"user@foo.com","password":"$2a$10$Emkl9YhHkiSlDSorbg.T3OCn/8ECHSdyj4kd/jWWhZspDtCEYpYL6","role_id":8,"reset_password_token":null,"reset_password_expiry":null,"language":null,"disabled":false,"api_token":null,"_attributes":null}]